address_id,street_address,postal_city,state,zip,resolution_status,state_jurisdiction,local_jurisdiction,local_in_corpus,census_place_name,census_place_geoid,county,county_subdivision,match_indicator,match_type,attempt_used,matched_address,latitude,longitude,block_geoid,postal_city_category,input_flags,review_reasons,warnings,override
A0001,6238 DE LONGPRE AVE,Los Angeles,CA,90028,resolved,CA,"Los Angeles, CA",true,Los Angeles city,0644000,Los Angeles County,Los Angeles CCD,Match,Exact,A,"6238 DE LONGPRE AVE, LOS ANGELES, CA, 90028",34.096133031379,-118.324865073863,060371908012003,same_name,,,,
A0002,1031-1035 CLINTON ST,Hoboken,NJ,07030,resolved,NJ,"Hoboken, NJ",true,Hoboken city,3432250,Hudson County,Hoboken city,Match,Non_Exact,A,"1035 CLINTON ST, HOBOKEN, NJ, 07030",40.74981078208,-74.03181724923,340170185011001,same_name,,,,
A0003,876-878 S 14TH ST,Newark,NJ,11219,resolved,NJ,"Newark, NJ",true,Newark city,3451000,Essex County,Newark city,Match,Non_Exact,A,"878 S 14TH ST, NEWARK, NJ, 07108",40.724856764464,-74.210426110952,340130041003003,same_name,zip_outside_state,,source ZIP 11219 is outside NJ's USPS range (starter-pack audit),
A0004,10050 MOUNTAIR AVE,Los Angeles,CA,91042,resolved,CA,"Los Angeles, CA",true,Los Angeles city,0644000,Los Angeles County,San Fernando Valley CCD,Match,Non_Exact,A,"10050 MOUNTAIR AVE, TUJUNGA, CA, 91042",34.251842346844,-118.293109199528,060371012221007,same_name,,,,
A0005,1609 ADDISON ST,Berkeley,CA,94703,resolved,CA,"Berkeley, CA",true,Berkeley city,0606000,Alameda County,Berkeley CCD,Match,Exact,A,"1609 ADDISON ST, BERKELEY, CA, 94703",37.869830696926,-122.279293972449,060014230001011,same_name,,,,
A0006,69-71 WESTLAND AV,Boston,MA,02115,resolved,MA,"Boston, MA",true,Boston city,2507000,Suffolk County,Boston city,Match,Non_Exact,A,"71 WESTLAND AVE, BOSTON, MA, 02115",42.343794186875,-71.08876547331,250250104031002,same_name,,,,
A0007,4257 SAN PEDRO PL,Los Angeles,CA,90011,resolved,CA,"Los Angeles, CA",true,Los Angeles city,0644000,Los Angeles County,Los Angeles CCD,Match,Exact,A,"4257 SAN PEDRO PL, LOS ANGELES, CA, 90011",34.006235579229,-118.271165204282,060372284201005,same_name,,,,
A0008,1065 SUMMIT AVENUE,Jersey City,NJ,78746,resolved,NJ,"Jersey City, NJ",true,Jersey City city,3436000,Hudson County,Jersey City city,Match,Non_Exact,A,"1065 SUMMIT AVE, JERSEY CITY, NJ, 07307",40.751069898526,-74.049026204465,340170002003003,same_name,zip_outside_state,,source ZIP 78746 is outside NJ's USPS range (starter-pack audit),
A0009,322-322.5 Western Ave,Cambridge,MA,,resolved,MA,"Cambridge, MA",true,,,,,Tie,,,,,,,same_name,zip_missing,,audited override applied (Census-verified reviewer query),yes
A0010,134 Oxford St,Cambridge,MA,,resolved,MA,"Cambridge, MA",true,Cambridge city,2511000,Middlesex County,Cambridge city,Match,Exact,A,"134 OXFORD ST, CAMBRIDGE, MA, 02140",42.385333082376,-71.1160583909,250173536001000,same_name,zip_missing,,"near_place_boundary: N -> Somerville city, E -> Somerville city",
A0011,834-836 RAYMOND BLVD,Newark,NJ,08805,resolved,NJ,"Newark, NJ",true,Newark city,3451000,Essex County,Newark city,Match,Non_Exact,A,"836 RAYMOND BLVD, NEWARK, NJ, 07105",40.732646449965,-74.156177797252,340130079001006,same_name,,,,
A0012,1064 SUMMIT AVE.,Jersey City,NJ,07728,resolved,NJ,"Jersey City, NJ",true,Jersey City city,3436000,Hudson County,Jersey City city,Match,Non_Exact,A,"1064 SUMMIT AVE, JERSEY CITY, NJ, 07307",40.751188750138,-74.048775549263,340170002003004,same_name,,,,
A0013,137 N 11TH ST,Newark,NJ,07107,resolved,NJ,"Newark, NJ",true,Newark city,3451000,Essex County,Newark city,Match,Exact,A,"137 N 11TH ST, NEWARK, NJ, 07107",40.759893850085,-74.191694841632,340130007002001,same_name,,,,
A0014,5907 CAHUENGA BLVD,Los Angeles,CA,91601,resolved,CA,"Los Angeles, CA",true,Los Angeles city,0644000,Los Angeles County,San Fernando Valley CCD,Match,Non_Exact,A,"5907 CAHUENGA BLVD, NORTH HOLLYWOOD, CA, 91601",34.177801731811,-118.361636078081,060371243001002,same_name,,,,
A0015,15 Everett St,Cambridge,MA,,resolved,MA,"Cambridge, MA",true,Cambridge city,2511000,Middlesex County,Cambridge city,Match,Exact,A,"15 EVERETT ST, CAMBRIDGE, MA, 02138",42.379980886163,-71.118720021347,250173536002008,same_name,zip_missing,,,
A0016,3515 FILLMORE ST,San Francisco,CA,,resolved,CA,"San Francisco, CA",true,San Francisco city,0667000,San Francisco County,Richmond-Presidio-Marina CCD,Match,Exact,A,"3515 FILLMORE ST, SAN FRANCISCO, CA, 94123",37.801874337429,-122.436684852142,060750126012005,same_name,zip_missing,,,
A0017,225 DUNCAN AVE.,Jersey City,NJ,10949,resolved,NJ,"Jersey City, NJ",true,Jersey City city,3436000,Hudson County,Jersey City city,Match,Non_Exact,A,"225 DUNCAN AVE, JERSEY CITY, NJ, 07306",40.7277629714,-74.079234576768,340170027002000,same_name,zip_outside_state,,source ZIP 10949 is outside NJ's USPS range (starter-pack audit),
A0018,1906 BONITA AVE,Berkeley,CA,94704,resolved,CA,"Berkeley, CA",true,Berkeley city,0606000,Alameda County,Berkeley CCD,Match,Exact,A,"1906 BONITA AVE, BERKELEY, CA, 94704",37.873088577747,-122.272116073506,060014224002003,same_name,,,,
A0019,3820 HAINES ST,San Diego,CA,92109,resolved,CA,"San Diego, CA",true,San Diego city,0666000,San Diego County,San Diego CCD,Match,Exact,A,"3820 HAINES ST, SAN DIEGO, CA, 92109",32.788734586305,-117.239511773112,060730077013004,same_name,,,,
A0020,646-648 N 6TH ST,Newark,NJ,07083,resolved,NJ,"Newark, NJ",true,Newark city,3451000,Essex County,Newark city,Match,Non_Exact,A,"648 N 6TH ST, NEWARK, NJ, 07107",40.771224225449,-74.180587460657,340130003001008,same_name,,,,
A0021,22 PRECITA AV,San Francisco,CA,,resolved,CA,"San Francisco, CA",true,San Francisco city,0667000,San Francisco County,Mission-Bernal CCD,Match,Exact,A,"22 PRECITA AVE, SAN FRANCISCO, CA, 94110",37.746697199975,-122.418913690663,060750253004005,same_name,zip_missing,,,
A0022,10908 HARTSOOK ST,Los Angeles,CA,91601,resolved,CA,"Los Angeles, CA",true,Los Angeles city,0644000,Los Angeles County,San Fernando Valley CCD,Match,Non_Exact,A,"10908 HARTSOOK ST, NORTH HOLLYWOOD, CA, 91601",34.163485706471,-118.368312978253,060371255011002,same_name,,,,
A0023,843 IROLO ST,Los Angeles,CA,90005,resolved,CA,"Los Angeles, CA",true,Los Angeles city,0644000,Los Angeles County,Los Angeles CCD,Match,Exact,A,"843 IROLO ST, LOS ANGELES, CA, 90005",34.0569182313,-118.300958567015,060372124201001,same_name,,,,
A0024,227 Charles St,Cambridge,MA,,resolved,MA,"Cambridge, MA",true,Cambridge city,2511000,Middlesex County,Cambridge city,Match,Exact,A,"227 CHARLES ST, CAMBRIDGE, MA, 02141",42.368207474124,-71.084850671785,250173523001014,same_name,zip_missing,,,
A0025,2341 8TH ST,Berkeley,CA,94710,resolved,CA,"Berkeley, CA",true,Berkeley city,0606000,Alameda County,Berkeley CCD,Match,Exact,A,"2341 8TH ST, BERKELEY, CA, 94710",37.863231048622,-122.293815269518,060014232002004,same_name,,,,
A0026,59 OAK ST.,Jersey City,NJ,07306,resolved,NJ,"Jersey City, NJ",true,Jersey City city,3436000,Hudson County,Jersey City city,Match,Non_Exact,A,"59 OAK ST, JERSEY CITY, NJ, 07304",40.713718828723,-74.076996657496,340170044002006,same_name,,,,
A0027,3918 FULTON ST,San Francisco,CA,,resolved,CA,"San Francisco, CA",true,San Francisco city,0667000,San Francisco County,Richmond-Presidio-Marina CCD,Match,Exact,A,"3918 FULTON ST, SAN FRANCISCO, CA, 94118",37.773108534668,-122.473684296131,060750476004002,same_name,zip_missing,,,
A0028,585 5TH ST,Newark,NJ,07107,review_required,NJ,"Newark, NJ",true,Newark city,3451000,Essex County,Newark city,Match,Non_Exact,A,"585 N 5TH ST, NEWARK, NJ, 07107",40.768516151715,-74.180832847404,340130002002005,same_name,,non_exact_meaningful_difference: street_directional_differs (5TH -> N 5TH),,
A0029,280-284 VERONA AVE,Newark,NJ,07653,resolved,NJ,"Newark, NJ",true,Newark city,3451000,Essex County,Newark city,Match,Non_Exact,A,"284 VERONA AVE, NEWARK, NJ, 07104",40.78286229736,-74.166168698177,340130001001007,same_name,,,,
A0030,2051 DIVISADERO ST,San Francisco,CA,,resolved,CA,"San Francisco, CA",true,San Francisco city,0667000,San Francisco County,Richmond-Presidio-Marina CCD,Match,Exact,A,"2051 DIVISADERO ST, SAN FRANCISCO, CA, 94115",37.788524403095,-122.440651886856,060750134021011,same_name,zip_missing,,,
A0031,5624 S SAN PEDRO ST,Los Angeles,CA,90011,resolved,CA,"Los Angeles, CA",true,Los Angeles city,0644000,Los Angeles County,Los Angeles CCD,Match,Exact,A,"5624 S SAN PEDRO ST, LOS ANGELES, CA, 90011",33.991312087929,-118.270046050706,060372294102007,same_name,,,,
A0032,63 OAK ST.,Jersey City,NJ,08820,resolved,NJ,"Jersey City, NJ",true,Jersey City city,3436000,Hudson County,Jersey City city,Match,Non_Exact,A,"63 OAK ST, JERSEY CITY, NJ, 07304",40.7137999274,-74.077148779124,340170044002006,same_name,,,,
A0033,1260 KEARNY ST,San Francisco,CA,,resolved,CA,"San Francisco, CA",true,San Francisco city,0667000,San Francisco County,Downtown-Northeast Neighborhoods-Treasure Island CCD,Match,Exact,A,"1260 KEARNY ST, SAN FRANCISCO, CA, 94133",37.79964889858,-122.405709002561,060750104023003,same_name,zip_missing,,,
A0034,25 Gore St,Cambridge,MA,,resolved,MA,"Cambridge, MA",true,Cambridge city,2511000,Middlesex County,Cambridge city,Match,Exact,A,"25 GORE ST, CAMBRIDGE, MA, 02141",42.371703436562,-71.079128226997,250173521022006,same_name,zip_missing,,,
A0035,5239 HARMONY AVE,Los Angeles,CA,91601,resolved,CA,"Los Angeles, CA",true,Los Angeles city,0644000,Los Angeles County,San Fernando Valley CCD,Match,Non_Exact,A,"5239 HARMONY AVE, NORTH HOLLYWOOD, CA, 91601",34.165618179362,-118.366516457468,060371253212001,same_name,,,,
A0036,33 WARD ST,South Boston,MA,02127,resolved,MA,"Boston, MA",true,Boston city,2507000,Suffolk County,Boston city,Match,Exact,A,"33 WARD ST, SOUTH BOSTON, MA, 02127",42.32946722555,-71.054524489253,250250612011012,known_neighborhood_or_postal_difference,,,,
A0037,770 IROLO ST,Los Angeles,CA,90005,resolved,CA,"Los Angeles, CA",true,Los Angeles city,0644000,Los Angeles County,Los Angeles CCD,Match,Exact,A,"770 IROLO ST, LOS ANGELES, CA, 90005",34.058302827517,-118.300824624602,060372124103000,same_name,,,,
A0038,154 YUKON ST,San Francisco,CA,,resolved,CA,"San Francisco, CA",true,San Francisco city,0667000,San Francisco County,Western Addition-Buena Vista-Eureka Valley CCD,Match,Exact,A,"154 YUKON ST, SAN FRANCISCO, CA, 94114",37.757178828285,-122.442397125228,060750204011010,same_name,zip_missing,,,
A0039,1 Craigie St,Cambridge,MA,,resolved,MA,"Cambridge, MA",true,Cambridge city,2511000,Middlesex County,Cambridge city,Match,Exact,A,"1 CRAIGIE ST, CAMBRIDGE, MA, 02138",42.379449621711,-71.125838882455,250173541002001,same_name,zip_missing,,,
A0040,69-75 JACKSON ST,Hoboken,NJ,07030,resolved,NJ,"Hoboken, NJ",true,Hoboken city,3432250,Hudson County,Hoboken city,Match,Non_Exact,A,"75 JACKSON ST, HOBOKEN, NJ, 07030",40.738840718117,-74.041089522043,340170192002012,same_name,,,,
A0041,122 TIFFANY AV,San Francisco,CA,,resolved,CA,"San Francisco, CA",true,San Francisco city,0667000,San Francisco County,Mission-Bernal CCD,Match,Exact,A,"122 TIFFANY AVE, SAN FRANCISCO, CA, 94110",37.744990908268,-122.421406384884,060750253004007,same_name,zip_missing,,,
A0042,320 FORREST ST.,Jersey City,NJ,07304,resolved,NJ,"Jersey City, NJ",true,Jersey City city,3436000,Hudson County,Jersey City city,Match,Exact,A,"320 FORREST ST, JERSEY CITY, NJ, 07304",40.713202456168,-74.077362139063,340170044002006,same_name,,,,
A0043,4 Orchard St,Cambridge,MA,,resolved,MA,"Cambridge, MA",true,Cambridge city,2511000,Middlesex County,Cambridge city,Match,Exact,A,"4 ORCHARD ST, CAMBRIDGE, MA, 02140",42.390119763731,-71.119075629483,250173547001015,same_name,zip_missing,,,
A0044,773-775 SANDFORD AVE,Newark,NJ,11211,resolved,NJ,"Newark, NJ",true,Newark city,3451000,Essex County,Newark city,Match,Non_Exact,A,"775 SANDFORD AVE, NEWARK, NJ, 07106",40.735737050359,-74.237036956138,340130022021007,same_name,zip_outside_state,,source ZIP 11211 is outside NJ's USPS range (starter-pack audit),
A0045,12829 BRANFORD ST,Los Angeles,CA,91331,resolved,CA,"Los Angeles, CA",true,Los Angeles city,0644000,Los Angeles County,San Fernando Valley CCD,Match,Non_Exact,A,"12829 BRANFORD ST, PACOIMA, CA, 91331",34.241771886514,-118.41212012105,060371048211005,same_name,,,,
A0046,8-12 Soden St,Cambridge,MA,,resolved,MA,"Cambridge, MA",true,Cambridge city,2511000,Middlesex County,Cambridge city,Match,Non_Exact,A,"12 SODEN ST, CAMBRIDGE, MA, 02139",42.365690566108,-71.108340513884,250173594004001,same_name,zip_missing,,,
A0047,14 RUTGERS AVE.,Jersey City,NJ,07304,resolved,NJ,"Jersey City, NJ",true,Jersey City city,3436000,Hudson County,Jersey City city,Match,Non_Exact,A,"14 RUTGERS AVE, JERSEY CITY, NJ, 07305",40.698116647571,-74.090865859165,340170060002007,same_name,,,,
A0048,1619 COMMONWEALTH AV,Brighton,MA,02135,resolved,MA,"Boston, MA",true,Boston city,2507000,Suffolk County,Boston city,Match,Exact,A,"1619 COMMONWEALTH AVE, BRIGHTON, MA, 02135",42.343402761946,-71.143549067491,250250004011000,known_neighborhood_or_postal_difference,,,,
A0049,721 CLINTON ST,Hoboken,NJ,07856,resolved,NJ,"Hoboken, NJ",true,Hoboken city,3432250,Hudson County,Hoboken city,Match,Non_Exact,A,"721 CLINTON ST, HOBOKEN, NJ, 07030",40.745798808889,-74.033058218101,340170185021000,same_name,,,,
A0050,36 HOFF ST,San Francisco,CA,,resolved,CA,"San Francisco, CA",true,San Francisco city,0667000,San Francisco County,Mission-Bernal CCD,Match,Exact,A,"36 HOFF ST, SAN FRANCISCO, CA, 94110",37.764124413322,-122.420573521471,060750201023003,same_name,zip_missing,,,
A0051,65 OAKLAND AVE.,Jersey City,NJ,07423,resolved,NJ,"Jersey City, NJ",true,Jersey City city,3436000,Hudson County,Jersey City city,Match,Non_Exact,A,"65 OAKLAND AVE, JERSEY CITY, NJ, 07306",40.734681117954,-74.055436604985,340170012011012,same_name,,,,
A0052,88 Gardner ST,Allston,MA,02134,resolved,MA,"Boston, MA",true,Boston city,2507000,Suffolk County,Boston city,Match,Exact,A,"88 GARDNER ST, ALLSTON, MA, 02134",42.353518237841,-71.125813095903,250250008051004,known_neighborhood_or_postal_difference,,,,
A0053,32 Garrison ST,Boston,MA,02116,resolved,MA,"Boston, MA",true,Boston city,2507000,Suffolk County,Boston city,Match,Exact,A,"32 GARRISON ST, BOSTON, MA, 02116",42.345890982312,-71.07944707371,250250106001001,same_name,,,,
A0054,13 Shetland ST,Roxbury,MA,02119,resolved,MA,"Boston, MA",true,Boston city,2507000,Suffolk County,Boston city,Match,Exact,A,"13 SHETLAND ST, ROXBURY, MA, 02119",42.324986499476,-71.068028337557,250250801001042,known_neighborhood_or_postal_difference,,,,
A0055,305 10TH AV,San Francisco,CA,,resolved,CA,"San Francisco, CA",true,San Francisco city,0667000,San Francisco County,Richmond-Presidio-Marina CCD,Match,Exact,A,"305 10TH AVE, SAN FRANCISCO, CA, 94118",37.782619210817,-122.46876702789,060750402002002,same_name,zip_missing,,,
A0056,41-43 Edgerly RD,Boston,MA,02115,resolved,MA,"Boston, MA",true,Boston city,2507000,Suffolk County,Boston city,Match,Non_Exact,A,"43 EDGERLY RD, BOSTON, MA, 02115",42.345644184192,-71.087947355571,250250104032003,same_name,,,,
A0057,57 STONE ST,Newark,NJ,07012,resolved,NJ,"Newark, NJ",true,Newark city,3451000,Essex County,Newark city,Match,Non_Exact,A,"57 STONE ST, NEWARK, NJ, 07104",40.753432421375,-74.174377039669,340130088002000,same_name,,,,
A0058,3137 BOSTON AVE,San Diego,CA,92113,resolved,CA,"San Diego, CA",true,San Diego city,0666000,San Diego County,San Diego CCD,Match,Exact,A,"3137 BOSTON AVE, SAN DIEGO, CA, 92113",32.693817730505,-117.126888325341,060730039023015,same_name,,,,
A0059,84-86 WALNUT ST,Newark,NJ,07078,resolved,NJ,"Newark, NJ",true,Newark city,3451000,Essex County,Newark city,Match,Non_Exact,A,"86 WALNUT ST, NEWARK, NJ, 07102",40.729215526845,-74.170855709577,340130080002019,same_name,,,,
A0060,5737 WILLOWCREST AVE,Los Angeles,CA,91601,resolved,CA,"Los Angeles, CA",true,Los Angeles city,0644000,Los Angeles County,San Fernando Valley CCD,Match,Non_Exact,A,"5737 WILLOWCREST AVE, NORTH HOLLYWOOD, CA, 91601",34.174656039346,-118.362720761505,060371243002006,same_name,,,,
A0061,106 18TH AV,San Francisco,CA,,resolved,CA,"San Francisco, CA",true,San Francisco city,0667000,San Francisco County,Richmond-Presidio-Marina CCD,Match,Exact,A,"106 18TH AVE, SAN FRANCISCO, CA, 94121",37.785919313984,-122.477559726965,060750426022005,same_name,zip_missing,,,
A0062,77 HOFF ST,San Francisco,CA,,resolved,CA,"San Francisco, CA",true,San Francisco city,0667000,San Francisco County,Mission-Bernal CCD,Match,Exact,A,"77 HOFF ST, SAN FRANCISCO, CA, 94110",37.763766231452,-122.420395727367,060750201023000,same_name,zip_missing,,,
A0063,11 Cortes ST,Boston,MA,02116,resolved,MA,"Boston, MA",true,Boston city,2507000,Suffolk County,Boston city,Match,Exact,A,"11 CORTES ST, BOSTON, MA, 02116",42.348290028212,-71.069583391995,250250703023006,same_name,,,,
A0064,24-26 Concord Ave,Cambridge,MA,,resolved,MA,"Cambridge, MA",true,Cambridge city,2511000,Middlesex County,Cambridge city,Match,Non_Exact,A,"26 CONCORD AVE, CAMBRIDGE, MA, 02138",42.379416219968,-71.125842851741,250173541002001,same_name,zip_missing,,,
A0065,63 Bailey ST,Dorchester,MA,02124,resolved,MA,"Boston, MA",true,Boston city,2507000,Suffolk County,Boston city,Match,Exact,A,"63 BAILEY ST, DORCHESTER, MA, 02124",42.284452236737,-71.066465126331,250251004001003,known_neighborhood_or_postal_difference,,,,
A0066,1318 N ORANGE DR,Los Angeles,CA,90028,resolved,CA,"Los Angeles, CA",true,Los Angeles city,0644000,Los Angeles County,Los Angeles CCD,Match,Exact,A,"1318 N ORANGE DR, LOS ANGELES, CA, 90028",34.0947022093,-118.341484249454,060371901021005,same_name,,,,
A0067,1335 N VISTA ST,Los Angeles,CA,90046,resolved,CA,"Los Angeles, CA",true,Los Angeles city,0644000,Los Angeles County,Los Angeles CCD,Match,Exact,A,"1335 N VISTA ST, LOS ANGELES, CA, 90046",34.095045778052,-118.351799391859,060371899072000,same_name,,,near_place_boundary: S -> West Hollywood city,
A0068,40-42 Clearway ST,Boston,MA,02115,resolved,MA,"Boston, MA",true,Boston city,2507000,Suffolk County,Boston city,Match,Non_Exact,A,"42 CLEARWAY ST, BOSTON, MA, 02115",42.345336985524,-71.085769499369,250250105001005,same_name,,,,
A0069,2277 UNION ST,San Francisco,CA,,resolved,CA,"San Francisco, CA",true,San Francisco city,0667000,San Francisco County,Richmond-Presidio-Marina CCD,Match,Exact,A,"2277 UNION ST, SAN FRANCISCO, CA, 94123",37.796874616444,-122.436717035924,060750130022002,same_name,zip_missing,,,
A0070,43 Fayette St,Cambridge,MA,,resolved,MA,"Cambridge, MA",true,Cambridge city,2511000,Middlesex County,Cambridge city,Match,Exact,A,"43 FAYETTE ST, CAMBRIDGE, MA, 02139",42.372611705618,-71.103267573782,250173529002003,same_name,zip_missing,,,
A0071,14.5-16 Vandine St,Cambridge,MA,,resolved,MA,"Cambridge, MA",true,Cambridge city,2511000,Middlesex County,Cambridge city,Match,Non_Exact,A,"16 VANDINE ST, CAMBRIDGE, MA, 02141",42.368814396347,-71.0905953379,250173526001008,same_name,zip_missing,,,
A0072,1251 10TH AV,San Francisco,CA,,resolved,CA,"San Francisco, CA",true,San Francisco city,0667000,San Francisco County,Sunset CCD,Match,Exact,A,"1251 10TH AVE, SAN FRANCISCO, CA, 94122",37.764890627041,-122.467520089918,060750302021003,same_name,zip_missing,,,
A0073,35-37 Inman St,Cambridge,MA,,resolved,MA,"Cambridge, MA",true,Cambridge city,2511000,Middlesex County,Cambridge city,Match,Non_Exact,A,"37 INMAN ST, CAMBRIDGE, MA, 02139",42.368713915313,-71.103956176776,250173530001008,same_name,zip_missing,,,
A0074,717 S BERENDO ST,Los Angeles,CA,90005,resolved,CA,"Los Angeles, CA",true,Los Angeles city,0644000,Los Angeles County,Los Angeles CCD,Match,Exact,A,"717 S BERENDO ST, LOS ANGELES, CA, 90005",34.059391478589,-118.294210099909,060372123031001,same_name,,,,
A0075,27 Everett St,Cambridge,MA,,resolved,MA,"Cambridge, MA",true,Cambridge city,2511000,Middlesex County,Cambridge city,Match,Exact,A,"27 EVERETT ST, CAMBRIDGE, MA, 02138",42.379922700614,-71.117508170008,250173536002008,same_name,zip_missing,,,
A0076,304 E KINNEY ST,Newark,NJ,07033,resolved,NJ,"Newark, NJ",true,Newark city,3451000,Essex County,Newark city,Match,Non_Exact,A,"304 E KINNEY ST, NEWARK, NJ, 07105",40.724076460199,-74.162836470045,340130069001001,same_name,,,,
A0077,91 Brookline St,Cambridge,MA,,resolved,MA,"Cambridge, MA",true,Cambridge city,2511000,Middlesex County,Cambridge city,Match,Exact,A,"91 BROOKLINE ST, CAMBRIDGE, MA, 02139",42.361566486333,-71.103733351887,250173532003002,same_name,zip_missing,,,
A0078,115 BAYVIEW AVE.,Jersey City,NJ,07304,resolved,NJ,"Jersey City, NJ",true,Jersey City city,3436000,Hudson County,Jersey City city,Match,Non_Exact,A,"115 BAYVIEW AVE, JERSEY CITY, NJ, 07305",40.705324743987,-74.080499166258,340170055001000,same_name,,,,
A0079,2361 PORTLAND ST,Los Angeles,CA,90007,resolved,CA,"Los Angeles, CA",true,Los Angeles city,0644000,Los Angeles County,Los Angeles CCD,Match,Exact,A,"2361 PORTLAND ST, LOS ANGELES, CA, 90007",34.032231820463,-118.282094130957,060372244101008,same_name,,,,
A0080,690 S CATALINA ST,Los Angeles,CA,90005,resolved,CA,"Los Angeles, CA",true,Los Angeles city,0644000,Los Angeles County,Los Angeles CCD,Match,Exact,A,"690 S CATALINA ST, LOS ANGELES, CA, 90005",34.060127849082,-118.295327996925,060372123031000,same_name,,,,
A0081,145 TAYLOR ST,San Francisco,CA,,resolved,CA,"San Francisco, CA",true,San Francisco city,0667000,San Francisco County,Downtown-Northeast Neighborhoods-Treasure Island CCD,Match,Exact,A,"145 TAYLOR ST, SAN FRANCISCO, CA, 94102",37.783758897294,-122.410947938983,060750125023000,same_name,zip_missing,,,
A0082,63 Inman St,Cambridge,MA,,resolved,MA,"Cambridge, MA",true,Cambridge city,2511000,Middlesex County,Cambridge city,Match,Exact,A,"63 INMAN ST, CAMBRIDGE, MA, 02139",42.370344257321,-71.102833387558,250173529001001,same_name,zip_missing,,,
A0083,38 KENILWORTH ST,Roxbury,MA,02119,resolved,MA,"Boston, MA",true,Boston city,2507000,Suffolk County,Boston city,Match,Exact,A,"38 KENILWORTH ST, ROXBURY, MA, 02119",42.328651609512,-71.087424612529,250250806013008,known_neighborhood_or_postal_difference,,,,
A0084,1725 CHESTNUT ST,San Francisco,CA,,resolved,CA,"San Francisco, CA",true,San Francisco city,0667000,San Francisco County,Richmond-Presidio-Marina CCD,Match,Exact,A,"1725 CHESTNUT ST, SAN FRANCISCO, CA, 94123",37.801332618559,-122.431739349227,060750129022003,same_name,zip_missing,,,
A0085,1101 CHURCH ST,San Francisco,CA,,resolved,CA,"San Francisco, CA",true,San Francisco city,0667000,San Francisco County,Western Addition-Buena Vista-Eureka Valley CCD,Match,Exact,A,"1101 CHURCH ST, SAN FRANCISCO, CA, 94114",37.753239144697,-122.427505338235,060750211002003,same_name,zip_missing,,,
A0086,67 Plymouth St,Cambridge,MA,,resolved,MA,"Cambridge, MA",true,Cambridge city,2511000,Middlesex County,Cambridge city,Match,Exact,A,"67 PLYMOUTH ST, CAMBRIDGE, MA, 02141",42.369083221693,-71.093495991755,250173526002009,same_name,zip_missing,,,
A0087,323 BLOOMFIELD ST,Hoboken,NJ,07504,resolved,NJ,"Hoboken, NJ",true,Hoboken city,3432250,Hudson County,Hoboken city,Match,Non_Exact,A,"323 BLOOMFIELD ST, HOBOKEN, NJ, 07030",40.740414697817,-74.030768159948,340170194001003,same_name,,,,
A0088,201 CLEMENT ST,San Francisco,CA,,resolved,CA,"San Francisco, CA",true,San Francisco city,0667000,San Francisco County,Richmond-Presidio-Marina CCD,Match,Exact,A,"201 CLEMENT ST, SAN FRANCISCO, CA, 94118",37.783026502307,-122.461275217487,060750401003002,same_name,zip_missing,,,
A0089,935 PARK AVE,Hoboken,NJ,07030,resolved,NJ,"Hoboken, NJ",true,Hoboken city,3432250,Hudson County,Hoboken city,Match,Exact,A,"935 PARK AVE, HOBOKEN, NJ, 07030",40.748211954503,-74.030368120288,340170186001001,same_name,,,,
A0090,30 JACKSON ST,Newark,NJ,07105,resolved,NJ,"Newark, NJ",true,Newark city,3451000,Essex County,Newark city,Match,Exact,A,"30 JACKSON ST, NEWARK, NJ, 07105",40.731204856376,-74.155787524567,340130076002000,same_name,,,,
A0091,2229 DWIGHT WAY,Berkeley,CA,94704,resolved,CA,"Berkeley, CA",true,Berkeley city,0606000,Alameda County,Berkeley CCD,Match,Exact,A,"2229 DWIGHT WAY, BERKELEY, CA, 94704",37.864405329327,-122.264605312198,060014228004003,same_name,,,,
A0092,2514 PIEDMONT AVE,Berkeley,CA,94704,resolved,CA,"Berkeley, CA",true,Berkeley city,0606000,Alameda County,Berkeley CCD,Match,Exact,A,"2514 PIEDMONT AVE, BERKELEY, CA, 94704",37.865583367618,-122.251697248224,060014237003000,same_name,,,,
A0093,90 BICKFORD ST,Jamaica Plain,MA,02130,resolved,MA,"Boston, MA",true,Boston city,2507000,Suffolk County,Boston city,Match,Exact,A,"90 BICKFORD ST, JAMAICA PLAIN, MA, 02130",42.324002818423,-71.101924371068,250250812002004,known_neighborhood_or_postal_difference,,,,
A0094,1371 27TH ST,San Diego,CA,92154,resolved,CA,"San Diego, CA",true,San Diego city,0666000,San Diego County,San Diego CCD,Match,Exact,A,"1371 27TH ST, SAN DIEGO, CA, 92154",32.571862077109,-117.075371141803,060730101061005,same_name,,,,
A0095,23 Elm St,Cambridge,MA,,resolved,MA,"Cambridge, MA",true,Cambridge city,2511000,Middlesex County,Cambridge city,Match,Exact,A,"23 ELM ST, CAMBRIDGE, MA, 02139",42.367845841037,-71.098495150944,250173525002004,same_name,zip_missing,,,
A0096,81 WESTLAND AV,Boston,MA,02115,resolved,MA,"Boston, MA",true,Boston city,2507000,Suffolk County,Boston city,Match,Exact,A,"81 WESTLAND AVE, BOSTON, MA, 02115",42.343854353427,-71.089157903457,250250104031002,same_name,,,,
A0097,1560 MASON ST,San Francisco,CA,,resolved,CA,"San Francisco, CA",true,San Francisco city,0667000,San Francisco County,Downtown-Northeast Neighborhoods-Treasure Island CCD,Match,Exact,A,"1560 MASON ST, SAN FRANCISCO, CA, 94133",37.79780463687,-122.411949673166,060750107012003,same_name,zip_missing,,,
A0098,WILLOWWOOD ST,Dorchester,MA,02124,unresolved,,,,,,,,No_Match,,,,,,,unresolved,,no_match_after_bounded_fallbacks,,
A0099,822 WASHINGTON ST,Hoboken,NJ,07458,resolved,NJ,"Hoboken, NJ",true,Hoboken city,3432250,Hudson County,Hoboken city,Match,Non_Exact,A,"822 WASHINGTON ST, HOBOKEN, NJ, 07030",40.746308514721,-74.028270964888,340170187021001,same_name,,,,
A0100,4732 BANCROFT ST,San Diego,CA,92116,resolved,CA,"San Diego, CA",true,San Diego city,0666000,San Diego County,San Diego CCD,Match,Exact,A,"4732 BANCROFT ST, SAN DIEGO, CA, 92116",32.764095185337,-117.123977567896,060730018024003,same_name,,,,
A0101,315-319 FAIRMOUNT AVENUE,Jersey City,NJ,07039,resolved,NJ,"Jersey City, NJ",true,Jersey City city,3436000,Hudson County,Jersey City city,Match,Non_Exact,A,"319 FAIRMOUNT AVE, JERSEY CITY, NJ, 07306",40.725229747686,-74.070809872433,340170028003000,same_name,,,,
A0102,124 BLOOMFIELD ST,Hoboken,NJ,10003,resolved,NJ,"Hoboken, NJ",true,Hoboken city,3432250,Hudson County,Hoboken city,Match,Non_Exact,A,"124 BLOOMFIELD ST, HOBOKEN, NJ, 07030",40.737933172158,-74.031684861444,340170193001000,same_name,zip_outside_state,,source ZIP 10003 is outside NJ's USPS range (starter-pack audit),
A0103,2161 ALLSTON WAY,Berkeley,CA,94704,resolved,CA,"Berkeley, CA",true,Berkeley city,0606000,Alameda County,Berkeley CCD,Match,Exact,A,"2161 ALLSTON WAY, BERKELEY, CA, 94704",37.869701586713,-122.266218694007,060014229022007,same_name,,,,
A0104,409 5TH ST,Newark,NJ,07012,review_required,NJ,"Newark, NJ",true,Newark city,3451000,Essex County,Newark city,Match,Non_Exact,A,"409 N 5TH ST, NEWARK, NJ, 07107",40.761814283797,-74.184328525177,340130008001006,same_name,,non_exact_meaningful_difference: street_directional_differs (5TH -> N 5TH),,
A0105,140 PORTOLA DR,San Francisco,CA,,resolved,CA,"San Francisco, CA",true,San Francisco city,0667000,San Francisco County,Western Addition-Buena Vista-Eureka Valley CCD,Match,Exact,A,"140 PORTOLA DR, SAN FRANCISCO, CA, 94131",37.748652213279,-122.444191229026,060750204021000,same_name,zip_missing,,,
A0106,250 FREMONT ST,San Francisco,CA,,resolved,CA,"San Francisco, CA",true,San Francisco city,0667000,San Francisco County,SoMa-Potrero-Mission Bay CCD,Match,Exact,A,"250 FREMONT ST, SAN FRANCISCO, CA, 94105",37.788294915739,-122.394074444911,060750615031000,same_name,zip_missing,,,
A0107,10635 SHERMAN GROVE AVE,Los Angeles,CA,91040,resolved,CA,"Los Angeles, CA",true,Los Angeles city,0644000,Los Angeles County,San Fernando Valley CCD,Match,Non_Exact,A,"10635 SHERMAN GROVE AVE, SUNLAND, CA, 91040",34.262255890509,-118.32017657606,060371032011009,same_name,,,,
A0108,13 JEFFERSON AVE.,Jersey City,NJ,07030,resolved,NJ,"Jersey City, NJ",true,Jersey City city,3436000,Hudson County,Jersey City city,Match,Non_Exact,A,"13 JEFFERSON AVE, JERSEY CITY, NJ, 07306",40.736287315576,-74.049970012264,340170014001005,same_name,,,,
A0109,2922 OTIS ST,Berkeley,CA,94703,resolved,CA,"Berkeley, CA",true,Berkeley city,0606000,Alameda County,Berkeley CCD,Match,Exact,A,"2922 OTIS ST, BERKELEY, CA, 94703",37.8558347046,-122.270269918923,060014235003006,same_name,,,,
A0110,130-132 2ND AVE,Newark,NJ,07055,resolved,NJ,"Newark, NJ",true,Newark city,3451000,Essex County,Newark city,Match,Non_Exact,A,"132 2ND AVE, NEWARK, NJ, 07104",40.763265479466,-74.174745021871,340130094002003,same_name,,,,
A0111,10075 TUJUNGA CANYON BLVD,Los Angeles,CA,91042,resolved,CA,"Los Angeles, CA",true,Los Angeles city,0644000,Los Angeles County,San Fernando Valley CCD,Match,Non_Exact,A,"10075 TUJUNGA CANYON BLVD, TUJUNGA, CA, 91042",34.249924250911,-118.284430355327,060371012202005,same_name,,,,
A0112,448 BRODERICK ST,San Francisco,CA,,resolved,CA,"San Francisco, CA",true,San Francisco city,0667000,San Francisco County,Western Addition-Buena Vista-Eureka Valley CCD,Match,Exact,A,"448 BRODERICK ST, SAN FRANCISCO, CA, 94117",37.77431322716,-122.439298239317,060750164001004,same_name,zip_missing,,,
A0113,3151 ETON AVE,Berkeley,CA,94705,resolved,CA,"Berkeley, CA",true,Berkeley city,0606000,Alameda County,Berkeley CCD,Match,Exact,A,"3151 ETON AVE, BERKELEY, CA, 94705",37.853156920269,-122.250637537308,060014238003014,same_name,,,,
A0114,3743 INDIA ST,San Diego,CA,92103,resolved,CA,"San Diego, CA",true,San Diego city,0666000,San Diego County,San Diego CCD,Match,Exact,A,"3743 INDIA ST, SAN DIEGO, CA, 92103",32.74279009558,-117.180736253153,060730002021005,same_name,,,,
A0115,397 05TH AV,San Francisco,CA,,resolved,CA,"San Francisco, CA",true,,,,,No_Match,,,,,,,same_name,zip_missing,,audited override applied (Census-verified reviewer query),yes
A0116,36 PROSPECT ST.,Jersey City,NJ,07111,resolved,NJ,"Jersey City, NJ",true,Jersey City city,3436000,Hudson County,Jersey City city,Match,Non_Exact,A,"36 PROSPECT ST, JERSEY CITY, NJ, 07307",40.73782973401,-74.049245065733,340170013002004,same_name,,,,
A0117,1733 N CHEROKEE AVE,Los Angeles,CA,90028,resolved,CA,"Los Angeles, CA",true,Los Angeles city,0644000,Los Angeles County,Los Angeles CCD,Match,Exact,A,"1733 N CHEROKEE AVE, LOS ANGELES, CA, 90028",34.102120911287,-118.334821278665,060371902023001,same_name,,,,
A0118,18-34 KINGBIRD RD,Dorchester,MA,02124,resolved,MA,"Boston, MA",true,Boston city,2507000,Suffolk County,Boston city,Match,Non_Exact,A,"34 KINGBIRD RD, DORCHESTER, MA, 02124",42.292350464404,-71.093533488467,250251001001002,known_neighborhood_or_postal_difference,,,,
A0119,607 ADAMS ST,Hoboken,NJ,07030,resolved,NJ,"Hoboken, NJ",true,Hoboken city,3432250,Hudson County,Hoboken city,Match,Exact,A,"607 ADAMS ST, HOBOKEN, NJ, 07030",40.744671445285,-74.035368051004,340170189001002,same_name,,,,
A0120,139 ELM ST,Newark,NJ,07105,resolved,NJ,"Newark, NJ",true,Newark city,3451000,Essex County,Newark city,Match,Exact,A,"139 ELM ST, NEWARK, NJ, 07105",40.72835234588,-74.165047104124,340130079003011,same_name,,,,
A0121,4079 FRONT ST,San Diego,CA,92103,resolved,CA,"San Diego, CA",true,San Diego city,0666000,San Diego County,San Diego CCD,Match,Exact,A,"4079 FRONT ST, SAN DIEGO, CA, 92103",32.751421595306,-117.16494526813,060730004002007,same_name,,,,
A0122,4812 S BROADWAY,Los Angeles,CA,90037,resolved,CA,"Los Angeles, CA",true,Los Angeles city,0644000,Los Angeles County,Los Angeles CCD,Match,Exact,A,"4812 S BROADWAY, LOS ANGELES, CA, 90037",33.999020066962,-118.278252342985,060372319011002,same_name,,,,
A0123,123 Condor ST,East Boston,MA,02128,resolved,MA,"Boston, MA",true,Boston city,2507000,Suffolk County,Boston city,Match,Exact,A,"123 CONDOR ST, EAST BOSTON, MA, 02128",42.382539410028,-71.035437146913,250250501011000,known_neighborhood_or_postal_difference,,,,
A0124,33-35 Brookline St,Cambridge,MA,,resolved,MA,"Cambridge, MA",true,Cambridge city,2511000,Middlesex County,Cambridge city,Match,Non_Exact,A,"35 BROOKLINE ST, CAMBRIDGE, MA, 02139",42.362941773312,-71.102457805365,250173531012004,same_name,zip_missing,,,
A0125,227 GRAND ST,Hoboken,NJ,07030,resolved,NJ,"Hoboken, NJ",true,Hoboken city,3432250,Hudson County,Hoboken city,Match,Exact,A,"227 GRAND ST, HOBOKEN, NJ, 07030",40.740020460669,-74.035814894303,340170191001001,same_name,,,,
A0126,1350 POTRERO AV,San Francisco,CA,,resolved,CA,"San Francisco, CA",true,San Francisco city,0667000,San Francisco County,Mission-Bernal CCD,Match,Exact,A,"1350 POTRERO AVE, SAN FRANCISCO, CA, 94110",37.750954392609,-122.406250403098,060750229033000,same_name,zip_missing,,,
A0127,10029 SEPULVEDA BLVD,Los Angeles,CA,91345,review_required,CA,"Los Angeles, CA",true,Los Angeles city,0644000,Los Angeles County,San Fernando Valley CCD,Match,Non_Exact,A,"10029 N SEPULVEDA BLVD, MISSION HILLS, CA, 91345",34.252367056179,-118.467596873721,060371096033010,same_name,,non_exact_meaningful_difference: street_directional_differs (SEPULVEDA -> N SEPULVEDA),,
A0128,Harvard ST,Dorchester,MA,02124,unresolved,,,,,,,,No_Match,,,,,,,unresolved,,no_match_after_bounded_fallbacks,,
A0129,526-532 MULBERRY ST,Newark,NJ,07039,resolved,NJ,"Newark, NJ",true,Newark city,3451000,Essex County,Newark city,Match,Non_Exact,A,"532 MULBERRY ST, NEWARK, NJ, 07114",40.719764997574,-74.176858130312,340130068002016,same_name,,,,
A0130,554 MARKET ST,Newark,NJ,07205,resolved,NJ,"Newark, NJ",true,Newark city,3451000,Essex County,Newark city,Match,Non_Exact,A,"554 MARKET ST, NEWARK, NJ, 07105",40.731588087906,-74.154426811823,340130076001002,same_name,,,,
A0131,43 POPLAR ST.,Jersey City,NJ,07307,resolved,NJ,"Jersey City, NJ",true,Jersey City city,3436000,Hudson County,Jersey City city,Match,Exact,A,"43 POPLAR ST, JERSEY CITY, NJ, 07307",40.754136146986,-74.046101194189,340170002001006,same_name,,,,
A0132,587 N 6TH ST,Newark,NJ,11205,resolved,NJ,"Newark, NJ",true,Newark city,3451000,Essex County,Newark city,Match,Non_Exact,A,"587 N 6TH ST, NEWARK, NJ, 07107",40.76934816412,-74.181410596224,340130002002004,same_name,zip_outside_state,,source ZIP 11205 is outside NJ's USPS range (starter-pack audit),
A0133,8819 LANKERSHIM BLVD,Los Angeles,CA,91352,resolved,CA,"Los Angeles, CA",true,Los Angeles city,0644000,Los Angeles County,San Fernando Valley CCD,Match,Non_Exact,A,"8819 LANKERSHIM BLVD, SUN VALLEY, CA, 91352",34.229428423859,-118.387834588124,060371212223019,same_name,,,,
A0134,101 Norfolk ST,Dorchester,MA,02124,resolved,MA,"Boston, MA",true,Boston city,2507000,Suffolk County,Boston city,Match,Exact,A,"101 NORFOLK ST, DORCHESTER, MA, 02124",42.288488914986,-71.076008765993,250251005004005,known_neighborhood_or_postal_difference,,,,
A0135,843 CLAY ST,San Francisco,CA,,resolved,CA,"San Francisco, CA",true,San Francisco city,0667000,San Francisco County,Downtown-Northeast Neighborhoods-Treasure Island CCD,Match,Exact,A,"843 CLAY ST, SAN FRANCISCO, CA, 94108",37.794118952125,-122.40698604858,060750118001002,same_name,zip_missing,,,
A0136,920 HUDSON ST,Hoboken,NJ,07030,resolved,NJ,"Hoboken, NJ",true,Hoboken city,3432250,Hudson County,Hoboken city,Match,Exact,A,"920 HUDSON ST, HOBOKEN, NJ, 07030",40.747367988246,-74.026733524669,340170187023003,same_name,,,,
A0137,65-71 NORFLOK ST,Newark,NJ,07003,review_required,NJ,"Newark, NJ",true,Newark city,3451000,Essex County,Newark city,Match,Non_Exact,A,"71 NORFOLK ST, NEWARK, NJ, 07103",40.74650540714,-74.182685493475,340130010002017,same_name,,non_exact_meaningful_difference: street_name_differs (NORFLOK -> NORFOLK),,
A0138,1033 E 51ST ST,Los Angeles,CA,90011,resolved,CA,"Los Angeles, CA",true,Los Angeles city,0644000,Los Angeles County,Los Angeles CCD,Match,Exact,A,"1033 E 51ST ST, LOS ANGELES, CA, 90011",33.996685074769,-118.257577562794,060372292001006,same_name,,,,
A0139,54 STUYVESANT AVE.,Jersey City,NJ,07042,resolved,NJ,"Jersey City, NJ",true,Jersey City city,3436000,Hudson County,Jersey City city,Match,Non_Exact,A,"54 STUYVESANT AVE, JERSEY CITY, NJ, 07306",40.729943720291,-74.071034378592,340170029001002,same_name,,,,
A0140,459 BEACON ST,Boston,MA,02115,resolved,MA,"Boston, MA",true,Boston city,2507000,Suffolk County,Boston city,Match,Exact,A,"459 BEACON ST, BOSTON, MA, 02115",42.351156189935,-71.088098655836,250250108022002,same_name,,,,
A0141,2601 43RD AV,San Francisco,CA,,resolved,CA,"San Francisco, CA",true,San Francisco city,0667000,San Francisco County,Sunset CCD,Match,Exact,A,"2601 43RD AVE, SAN FRANCISCO, CA, 94116",37.73813158911,-122.501210314083,060750354005000,same_name,zip_missing,,,
A0142,4615 AVALON BLVD,Los Angeles,CA,90011,resolved,CA,"Los Angeles, CA",true,Los Angeles city,0644000,Los Angeles County,Los Angeles CCD,Match,Exact,A,"4615 AVALON BLVD, LOS ANGELES, CA, 90011",34.001426079007,-118.265290530936,060372285002008,same_name,,,,
A0143,75 ELM HILL AV,Dorchester,MA,02121,resolved,MA,"Boston, MA",true,Boston city,2507000,Suffolk County,Boston city,Match,Exact,A,"75 ELM HILL AVE, DORCHESTER, MA, 02121",42.310212727666,-71.087061380822,250250821003006,known_neighborhood_or_postal_difference,,,,
A0144,112-114 Amory ST,Roxbury,MA,02119,resolved,MA,"Boston, MA",true,Boston city,2507000,Suffolk County,Boston city,Match,Non_Exact,A,"114 AMORY ST, ROXBURY, MA, 02119",42.319506233426,-71.100197786289,250250813012004,known_neighborhood_or_postal_difference,,,,
A0145,4515 FELTON ST,San Diego,CA,92116,resolved,CA,"San Diego, CA",true,San Diego city,0666000,San Diego County,San Diego CCD,Match,Exact,A,"4515 FELTON ST, SAN DIEGO, CA, 92116",32.759371284084,-117.121714561521,060730017003001,same_name,,,,
A0146,93-95 HAWKINS ST,Newark,NJ,07105,resolved,NJ,"Newark, NJ",true,Newark city,3451000,Essex County,Newark city,Match,Exact,A,"93-95 HAWKINS ST, NEWARK, NJ, 07105",40.727984681112,-74.138947612797,340130075022005,same_name,,,,
A0147,2850 GOLDEN GATE AV,San Francisco,CA,,resolved,CA,"San Francisco, CA",true,San Francisco city,0667000,San Francisco County,Richmond-Presidio-Marina CCD,Match,Exact,A,"2850 GOLDEN GATE AVE, SAN FRANCISCO, CA, 94118",37.776358944957,-122.457612633148,060750156003004,same_name,zip_missing,,,
A0148,162-166 5TH ST,Newark,NJ,07105,resolved,NJ,"Newark, NJ",true,Newark city,3451000,Essex County,Newark city,Match,Non_Exact,A,"166 5TH ST, NEWARK, NJ, 07107",40.751386045226,-74.190058099169,340130016001017,same_name,,,,
A0149,25 Everett ST,East Boston,MA,02128,resolved,MA,"Boston, MA",true,Boston city,2507000,Suffolk County,Boston city,Match,Exact,A,"25 EVERETT ST, EAST BOSTON, MA, 02128",42.368309769533,-71.036711056222,250250504002002,known_neighborhood_or_postal_difference,,,,
A0150,3784 E BROADWAY,San Diego,CA,92102,review_required,CA,"San Diego, CA",true,San Diego city,0666000,San Diego County,San Diego CCD,Match,Non_Exact,A,"3784 BROADWAY, SAN DIEGO, CA, 92102",32.716024799043,-117.11184048031,060730034031001,same_name,,non_exact_meaningful_difference: street_directional_differs (E BROADWAY -> BROADWAY),,
A0151,16 Queensberry ST,Boston,MA,02215,resolved,MA,"Boston, MA",true,Boston city,2507000,Suffolk County,Boston city,Match,Exact,A,"16 QUEENSBERRY ST, BOSTON, MA, 02215",42.343098317562,-71.095965021374,250250104081004,same_name,,,,
A0152,1669 SUNSET CLIFFS BLVD,San Diego,CA,92107,resolved,CA,"San Diego, CA",true,San Diego city,0666000,San Diego County,San Diego CCD,Match,Exact,A,"1669 SUNSET CLIFFS BLVD, SAN DIEGO, CA, 92107",32.74094590948,-117.25076493005,060730073042006,same_name,,,,
A0153,366 E 55TH ST,Los Angeles,CA,90011,resolved,CA,"Los Angeles, CA",true,Los Angeles city,0644000,Los Angeles County,Los Angeles CCD,Match,Exact,A,"366 E 55TH ST, LOS ANGELES, CA, 90011",33.992394354537,-118.268297439622,060372294102004,same_name,,,,
A0154,4568 IDAHO ST,San Diego,CA,92116,resolved,CA,"San Diego, CA",true,San Diego city,0666000,San Diego County,San Diego CCD,Match,Exact,A,"4568 IDAHO ST, SAN DIEGO, CA, 92116",32.760412374063,-117.133977948208,060730012022000,same_name,,,,
A0155,473 Harvard ST,Dorchester,MA,02124,resolved,MA,"Boston, MA",true,Boston city,2507000,Suffolk County,Boston city,Match,Exact,A,"473 HARVARD ST, DORCHESTER, MA, 02124",42.288741879366,-71.09239312943,250251001001004,known_neighborhood_or_postal_difference,,,,
A0156,290 GREEN ST,San Francisco,CA,,review_required,CA,"San Francisco, CA",true,San Francisco city,0667000,San Francisco County,Downtown-Northeast Neighborhoods-Treasure Island CCD,Tie,,,,,,,same_name,zip_missing,"tie_in_attempt_A | tie_candidates_share_place: 2 candidates, all inside San Francisco city",,
A0157,2701 RIDGE RD,Berkeley,CA,94709,resolved,CA,"Berkeley, CA",true,Berkeley city,0606000,Alameda County,Berkeley CCD,Match,Exact,A,"2701 RIDGE RD, BERKELEY, CA, 94709",37.876494513292,-122.257026606732,060014225002005,same_name,,,,
A0158,2522 HILGARD AVE,Berkeley,CA,94709,resolved,CA,"Berkeley, CA",true,Berkeley city,0606000,Alameda County,Berkeley CCD,Match,Exact,A,"2522 HILGARD AVE, BERKELEY, CA, 94709",37.878591221585,-122.260493108118,060014225001013,same_name,,,,
A0159,104 SUNSET AVE,Newark,NJ,11211,resolved,NJ,"Newark, NJ",true,Newark city,3451000,Essex County,Newark city,Match,Non_Exact,A,"104 SUNSET AVE, NEWARK, NJ, 07106",40.74245866913,-74.226709353047,340130024003001,same_name,zip_outside_state,,source ZIP 11211 is outside NJ's USPS range (starter-pack audit),
A0160,86 CHARLES ST.,Jersey City,NJ,07642,resolved,NJ,"Jersey City, NJ",true,Jersey City city,3436000,Hudson County,Jersey City city,Match,Non_Exact,A,"86 CHARLES ST, JERSEY CITY, NJ, 07307",40.749433761671,-74.05173810144,340170005002001,same_name,,,,
A0161,317 UNION ST.,Jersey City,NJ,07013,resolved,NJ,"Jersey City, NJ",true,Jersey City city,3436000,Hudson County,Jersey City city,Match,Non_Exact,A,"317 UNION ST, JERSEY CITY, NJ, 07304",40.717916452711,-74.083091056543,340170042003001,same_name,,,,
A0162,1640 N POINSETTIA PL,Los Angeles,CA,90046,resolved,CA,"Los Angeles, CA",true,Los Angeles city,0644000,Los Angeles County,Los Angeles CCD,Match,Exact,A,"1640 N POINSETTIA PL, LOS ANGELES, CA, 90046",34.100552498586,-118.347788965715,060371899042000,same_name,,,,
A0163,233-235 SECOND ST.,Jersey City,NJ,07042,resolved,NJ,"Jersey City, NJ",true,Jersey City city,3436000,Hudson County,Jersey City city,Match,Non_Exact,A,"235 2ND ST, JERSEY CITY, NJ, 07302",40.722395074274,-74.043552476848,340170070021000,same_name,,,,
A0164,725 14TH ST,San Francisco,CA,,resolved,CA,"San Francisco, CA",true,San Francisco city,0667000,San Francisco County,Western Addition-Buena Vista-Eureka Valley CCD,Match,Exact,A,"725 14TH ST, SAN FRANCISCO, CA, 94114",37.76763837901,-122.42951948205,060750169002003,same_name,zip_missing,,,
A0165,734 JAMAICA CT,San Diego,CA,92109,resolved,CA,"San Diego, CA",true,San Diego city,0666000,San Diego County,San Diego CCD,Match,Exact,A,"734 JAMAICA CT, SAN DIEGO, CA, 92109",32.773642646317,-117.252245356556,060730076021006,same_name,,,near_place_boundary: W -> no incorporated place (San Diego CCD),
A0166,1 Potter Pk,Cambridge,MA,,resolved,MA,"Cambridge, MA",true,Cambridge city,2511000,Middlesex County,Cambridge city,Match,Exact,A,"1 POTTER PARK, CAMBRIDGE, MA, 02138",42.384310248934,-71.12020099261,250173540001000,same_name,zip_missing,,"Census reports Exact, but the comparison found: street_name_differs (POTTER PK -> POTTER)",
A0167,4616 FLORIDA ST,San Diego,CA,92116,resolved,CA,"San Diego, CA",true,San Diego city,0666000,San Diego County,San Diego CCD,Match,Exact,A,"4616 FLORIDA ST, SAN DIEGO, CA, 92116",32.76124264042,-117.143850889032,060730010001010,same_name,,,,
A0168,600 JACKSON/601 HARRISON,Hoboken,NJ,07030,resolved,NJ,"Hoboken, NJ",true,,,,,No_Match,,,,,,,same_name,,,audited override applied (Census-verified reviewer query),yes
A0169,115 KILSYTH RD,Brighton,MA,02135,resolved,MA,"Boston, MA",true,Boston city,2507000,Suffolk County,Boston city,Match,Exact,A,"115 KILSYTH RD, BRIGHTON, MA, 02135",42.340367940381,-71.146633078674,250250005061006,known_neighborhood_or_postal_difference,,,,
A0170,8917 CEDROS AVE,Los Angeles,CA,91402,resolved,CA,"Los Angeles, CA",true,Los Angeles city,0644000,Los Angeles County,San Fernando Valley CCD,Match,Non_Exact,A,"8917 CEDROS AVE, PANORAMA CITY, CA, 91402",34.232064015614,-118.453618335394,060371201081000,same_name,,,,
A0171,127 OGDEN AVE.,Jersey City,NJ,07660,resolved,NJ,"Jersey City, NJ",true,Jersey City city,3436000,Hudson County,Jersey City city,Match,Non_Exact,A,"127 OGDEN AVE, JERSEY CITY, NJ, 07307",40.738902438048,-74.04663280324,340170013002000,same_name,,,,
A0172,8504 WILLIS AVE,Los Angeles,CA,91402,resolved,CA,"Los Angeles, CA",true,Los Angeles city,0644000,Los Angeles County,San Fernando Valley CCD,Match,Non_Exact,A,"8504 WILLIS AVE, PANORAMA CITY, CA, 91402",34.224850838975,-118.455218605953,060371201071000,same_name,,,,
A0173,13180 FOOTHILL BLVD,Los Angeles,CA,91342,resolved,CA,"Los Angeles, CA",true,Los Angeles city,0644000,Los Angeles County,San Fernando Valley CCD,Match,Non_Exact,A,"13180 FOOTHILL BLVD, SYLMAR, CA, 91342",34.299371281369,-118.421538456805,060371061141001,same_name,,,,
A0174,84 Hampshire St,Cambridge,MA,,resolved,MA,"Cambridge, MA",true,Cambridge city,2511000,Middlesex County,Cambridge city,Match,Exact,A,"84 HAMPSHIRE ST, CAMBRIDGE, MA, 02139",42.368359091009,-71.0943940217,250173524001000,same_name,zip_missing,,,
A0175,10 Dover St,Cambridge,MA,,resolved,MA,"Cambridge, MA",true,Cambridge city,2511000,Middlesex County,Cambridge city,Match,Exact,A,"10 DOVER ST, CAMBRIDGE, MA, 02140",42.394678131873,-71.126686968537,250173550003008,same_name,zip_missing,,,
A0176,15 Chester St,Cambridge,MA,,resolved,MA,"Cambridge, MA",true,Cambridge city,2511000,Middlesex County,Cambridge city,Match,Exact,A,"15 CHESTER ST, CAMBRIDGE, MA, 02140",42.393657148181,-71.124477534158,250173550003007,same_name,zip_missing,,"near_place_boundary: N -> Somerville city, E -> Somerville city",
A0177,166 HIGHLAND AVE.,Jersey City,NJ,11201,resolved,NJ,"Jersey City, NJ",true,Jersey City city,3436000,Hudson County,Jersey City city,Match,Non_Exact,A,"166 HIGHLAND AVE, JERSEY CITY, NJ, 07306",40.729583045817,-74.073105945172,340170028001000,same_name,zip_outside_state,,source ZIP 11201 is outside NJ's USPS range (starter-pack audit),
A0178,5308 RIVERTON AVE,Los Angeles,CA,91601,resolved,CA,"Los Angeles, CA",true,Los Angeles city,0644000,Los Angeles County,San Fernando Valley CCD,Match,Non_Exact,A,"5308 RIVERTON AVE, NORTH HOLLYWOOD, CA, 91601",34.166828679585,-118.365290745355,060371253211002,same_name,,,,
A0179,7006 LANEWOOD AVE,Los Angeles,CA,90028,resolved,CA,"Los Angeles, CA",true,Los Angeles city,0644000,Los Angeles County,Los Angeles CCD,Match,Exact,A,"7006 LANEWOOD AVE, LOS ANGELES, CA, 90028",34.09915207252,-118.341635208217,060371901022003,same_name,,,,
A0180,845 S KINGSLEY DR,Los Angeles,CA,90005,resolved,CA,"Los Angeles, CA",true,Los Angeles city,0644000,Los Angeles County,Los Angeles CCD,Match,Exact,A,"845 S KINGSLEY DR, LOS ANGELES, CA, 90005",34.056870603736,-118.303137913263,060372124201003,same_name,,,,
A0181,931 GARDEN ST,Hoboken,NJ,07030,resolved,NJ,"Hoboken, NJ",true,Hoboken city,3432250,Hudson County,Hoboken city,Match,Exact,A,"931 GARDEN ST, HOBOKEN, NJ, 07030",40.748003289428,-74.029444711794,340170186001000,same_name,,,,
A0182,911-923 CLINTON ST,Hoboken,NJ,07030,resolved,NJ,"Hoboken, NJ",true,Hoboken city,3432250,Hudson County,Hoboken city,Match,Non_Exact,A,"923 CLINTON ST, HOBOKEN, NJ, 07030",40.748382853996,-74.032259129478,340170185011013,same_name,,,,
A0183,2427 HILGARD AVE,Berkeley,CA,94709,resolved,CA,"Berkeley, CA",true,Berkeley city,0606000,Alameda County,Berkeley CCD,Match,Exact,A,"2427 HILGARD AVE, BERKELEY, CA, 94709",37.87845544308,-122.262349376787,060014225001006,same_name,,,,
A0184,156 W 32ND ST,Los Angeles,CA,90007,resolved,CA,"Los Angeles, CA",true,Los Angeles city,0644000,Los Angeles County,Los Angeles CCD,Match,Exact,A,"156 W 32ND ST, LOS ANGELES, CA, 90007",34.020782218595,-118.273514783778,060372246002025,same_name,,,,
A0185,154 TERHUNE AVE.,Jersey City,NJ,07103,resolved,NJ,"Jersey City, NJ",true,Jersey City city,3436000,Hudson County,Jersey City city,Match,Non_Exact,A,"154 TERHUNE AVE, JERSEY CITY, NJ, 07305",40.705096415554,-74.096225420442,340170059022004,same_name,,,,
A0186,107 BEACON AVE.,Jersey City,NJ,07306,resolved,NJ,"Jersey City, NJ",true,Jersey City city,3436000,Hudson County,Jersey City city,Match,Exact,A,"107 BEACON AVE, JERSEY CITY, NJ, 07306",40.736920404507,-74.054827866989,340170012011004,same_name,,,,
A0187,146 CARLTON AVE.,Jersey City,NJ,07423,resolved,NJ,"Jersey City, NJ",true,Jersey City city,3436000,Hudson County,Jersey City city,Match,Non_Exact,A,"146 CARLTON AVE, JERSEY CITY, NJ, 07306",40.744920038222,-74.060798217241,340170010002003,same_name,,,,
A0188,2819 MCGEE AVE,Berkeley,CA,94703,resolved,CA,"Berkeley, CA",true,Berkeley city,0606000,Alameda County,Berkeley CCD,Match,Exact,A,"2819 MCGEE AVE, BERKELEY, CA, 94703",37.856959944236,-122.275258218951,060014234003011,same_name,,,,
A0189,1811 CARLETON ST,Berkeley,CA,94703,resolved,CA,"Berkeley, CA",true,Berkeley city,0606000,Alameda County,Berkeley CCD,Match,Exact,A,"1811 CARLETON ST, BERKELEY, CA, 94703",37.860487333983,-122.273498335777,060014234002000,same_name,,,,
A0190,283 ADAMS ST,Newark,NJ,07105,resolved,NJ,"Newark, NJ",true,Newark city,3451000,Essex County,Newark city,Match,Exact,A,"283 ADAMS ST, NEWARK, NJ, 07105",40.722831839974,-74.16236498265,340130069002000,same_name,,,,
A0191,60 Kirkland St,Cambridge,MA,,resolved,MA,"Cambridge, MA",true,Cambridge city,2511000,Middlesex County,Cambridge city,Match,Exact,A,"60 KIRKLAND ST, CAMBRIDGE, MA, 02138",42.377309547812,-71.110680713996,250173537002002,same_name,zip_missing,,,
A0192,780 POST ST,San Francisco,CA,,resolved,CA,"San Francisco, CA",true,San Francisco city,0667000,San Francisco County,Downtown-Northeast Neighborhoods-Treasure Island CCD,Match,Exact,A,"780 POST ST, SAN FRANCISCO, CA, 94109",37.787554937568,-122.414659903737,060750121003001,same_name,zip_missing,,,
A0193,1626 BONITA AVE,Berkeley,CA,94709,resolved,CA,"Berkeley, CA",true,Berkeley city,0606000,Alameda County,Berkeley CCD,Match,Exact,A,"1626 BONITA AVE, BERKELEY, CA, 94709",37.877436210953,-122.272592199936,060014224003002,same_name,,,,
A0194,72 Burbank ST,Boston,MA,02115,resolved,MA,"Boston, MA",true,Boston city,2507000,Suffolk County,Boston city,Match,Exact,A,"72 BURBANK ST, BOSTON, MA, 02115",42.34449244891,-71.08932121797,250250104031002,same_name,,,,
A0195,1850-1848 COMMONWEALTH AV,Brighton,MA,02135,resolved,MA,"Boston, MA",true,Boston city,2507000,Suffolk County,Boston city,Match,Non_Exact,A,"1848 COMMONWEALTH AVE, BRIGHTON, MA, 02135",42.339062553814,-71.152111420394,250250005032004,known_neighborhood_or_postal_difference,,,,
A0196,16915 BLACKHAWK ST,Los Angeles,CA,91344,resolved,CA,"Los Angeles, CA",true,Los Angeles city,0644000,Los Angeles County,San Fernando Valley CCD,Match,Non_Exact,A,"16915 BLACKHAWK ST, GRANADA HILLS, CA, 91344",34.258955182522,-118.500920253647,060371114022010,same_name,,,,
A0197,1611 62ND ST,Berkeley,CA,94703,resolved,CA,"Berkeley, CA",true,Berkeley city,0606000,Alameda County,Berkeley CCD,Match,Exact,A,"1611 62ND ST, BERKELEY, CA, 94703",37.846527054842,-122.274812039507,060014240014011,same_name,,,near_place_boundary: S -> Oakland city,
A0198,194 Havre ST,East Boston,MA,02128,resolved,MA,"Boston, MA",true,Boston city,2507000,Suffolk County,Boston city,Match,Exact,A,"194 HAVRE ST, EAST BOSTON, MA, 02128",42.374496794147,-71.036497835188,250250507001001,known_neighborhood_or_postal_difference,,,,
A0199,42 Bay State Rd,Cambridge,MA,,resolved,MA,"Cambridge, MA",true,Cambridge city,2511000,Middlesex County,Cambridge city,Match,Exact,A,"42 BAY STATE RD, CAMBRIDGE, MA, 02138",42.387191106272,-71.140083871382,250173546023007,same_name,zip_missing,,,
A0200,1853 N HIGHLAND AVE,Los Angeles,CA,90028,resolved,CA,"Los Angeles, CA",true,Los Angeles city,0644000,Los Angeles County,Los Angeles CCD,Match,Exact,A,"1853 N HIGHLAND AVE, LOS ANGELES, CA, 90028",34.105004287023,-118.337549044749,060371897022007,same_name,,,,
A0201,2737 BENVENUE AVE,Berkeley,CA,94705,resolved,CA,"Berkeley, CA",true,Berkeley city,0606000,Alameda County,Berkeley CCD,Match,Exact,A,"2737 BENVENUE AVE, BERKELEY, CA, 94705",37.861084663474,-122.25463879726,060014236011000,same_name,,,,
A0202,1446 JACKSON ST,San Francisco,CA,,resolved,CA,"San Francisco, CA",true,San Francisco city,0667000,San Francisco County,Downtown-Northeast Neighborhoods-Treasure Island CCD,Match,Exact,A,"1446 JACKSON ST, SAN FRANCISCO, CA, 94109",37.794522791984,-122.41889836579,060750110023000,same_name,zip_missing,,,
A0203,2986-2930 Washington ST,Roxbury,MA,02119,resolved,MA,"Boston, MA",true,Boston city,2507000,Suffolk County,Boston city,Match,Non_Exact,A,"2930 WASHINGTON ST, ROXBURY, MA, 02119",42.31845754666,-71.095569636405,250250815002002,known_neighborhood_or_postal_difference,,,,
A0204,202-208 6TH AVE W,Newark,NJ,08736,resolved,NJ,"Newark, NJ",true,Newark city,3451000,Essex County,Newark city,Match,Non_Exact,A,"208 6TH AVE W, NEWARK, NJ, 07107",40.756210023298,-74.186173040995,340130009002000,same_name,,,,
A0205,2425 GRANT ST,Berkeley,CA,94703,resolved,CA,"Berkeley, CA",true,Berkeley city,0606000,Alameda County,Berkeley CCD,Match,Exact,A,"2425 GRANT ST, BERKELEY, CA, 94703",37.864419418207,-122.274486388915,060014230002012,same_name,,,,
A0206,401 43RD AV,San Francisco,CA,,resolved,CA,"San Francisco, CA",true,San Francisco city,0667000,San Francisco County,Richmond-Presidio-Marina CCD,Match,Exact,A,"401 43RD AVE, SAN FRANCISCO, CA, 94121",37.78106651207,-122.504228232138,060750479021002,same_name,zip_missing,,,
A0207,705 W 23RD ST,Los Angeles,CA,90007,resolved,CA,"Los Angeles, CA",true,Los Angeles city,0644000,Los Angeles County,Los Angeles CCD,Match,Exact,A,"705 W 23RD ST, LOS ANGELES, CA, 90007",34.032030548439,-118.276733095547,060372244202001,same_name,,,,
A0208,126 ADAMS ST,Hoboken,NJ,07604,resolved,NJ,"Hoboken, NJ",true,Hoboken city,3432250,Hudson County,Hoboken city,Match,Non_Exact,A,"126 ADAMS ST, HOBOKEN, NJ, 07030",40.738937251272,-74.037275318111,340170191001009,same_name,,,,
A0209,19 Trowbridge St,Cambridge,MA,,resolved,MA,"Cambridge, MA",true,Cambridge city,2511000,Middlesex County,Cambridge city,Match,Exact,A,"19 TROWBRIDGE ST, CAMBRIDGE, MA, 02138",42.371041072612,-71.11237412069,250173538004002,same_name,zip_missing,,,
A0210,1432 N CURSON AVE,Los Angeles,CA,90046,resolved,CA,"Los Angeles, CA",true,Los Angeles city,0644000,Los Angeles County,Los Angeles CCD,Match,Exact,A,"1432 N CURSON AVE, LOS ANGELES, CA, 90046",34.096815880701,-118.354938535163,060371898021003,same_name,,,,
A0211,499 BEACON ST,Boston,MA,02215,resolved,MA,"Boston, MA",true,Boston city,2507000,Suffolk County,Boston city,Match,Exact,A,"499 BEACON ST, BOSTON, MA, 02215",42.350692439566,-71.089845858115,250250101041000,same_name,,,,
A0212,1311 SOUTH VAN NESS AV,San Francisco,CA,,resolved,CA,"San Francisco, CA",true,San Francisco city,0667000,San Francisco County,Mission-Bernal CCD,Match,Exact,A,"1311 S VAN NESS AVE, SAN FRANCISCO, CA, 94110",37.752168513331,-122.4161731875,060750229011004,same_name,zip_missing,,,
A0213,11649 ACAMA ST,Los Angeles,CA,91604,resolved,CA,"Los Angeles, CA",true,Los Angeles city,0644000,Los Angeles County,San Fernando Valley CCD,Match,Non_Exact,A,"11649 ACAMA ST, STUDIO CITY, CA, 91604",34.145584078078,-118.386856598286,060371436022011,same_name,,,,
A0214,358 Harvard St,Cambridge,MA,,resolved,MA,"Cambridge, MA",true,Cambridge city,2511000,Middlesex County,Cambridge city,Match,Exact,A,"358 HARVARD ST, CAMBRIDGE, MA, 02138",42.371082219474,-71.110911398922,250173538004001,same_name,zip_missing,,,
A0215,2295 CALIFORNIA ST,San Francisco,CA,,resolved,CA,"San Francisco, CA",true,San Francisco city,0667000,San Francisco County,Western Addition-Buena Vista-Eureka Valley CCD,Match,Exact,A,"2295 CALIFORNIA ST, SAN FRANCISCO, CA, 94115",37.789075325053,-122.432052589153,060750152021001,same_name,zip_missing,,,
A0216,2309 HASTE ST,Berkeley,CA,94704,resolved,CA,"Berkeley, CA",true,Berkeley city,0606000,Alameda County,Berkeley CCD,Match,Exact,A,"2309 HASTE ST, BERKELEY, CA, 94704",37.865531910644,-122.262957356662,060014228004000,same_name,,,,
A0217,170-172 Maverick ST,East Boston,MA,02128,resolved,MA,"Boston, MA",true,Boston city,2507000,Suffolk County,Boston city,Match,Non_Exact,A,"172 MAVERICK ST, EAST BOSTON, MA, 02128",42.369519627611,-71.037362951665,250250506002000,known_neighborhood_or_postal_difference,,,,
A0218,15 Richdale Ave,Cambridge,MA,,resolved,MA,"Cambridge, MA",true,Cambridge city,2511000,Middlesex County,Cambridge city,Match,Exact,A,"15 RICHDALE AVE, CAMBRIDGE, MA, 02140",42.388324409245,-71.121620396425,250173547002000,same_name,zip_missing,,,
A0219,3735 32ND ST,San Diego,CA,92104,resolved,CA,"San Diego, CA",true,San Diego city,0666000,San Diego County,San Diego CCD,Match,Exact,A,"3735 32ND ST, SAN DIEGO, CA, 92104",32.746245203063,-117.124937736826,060730015001006,same_name,,,,
A0220,21-23 Faulkner ST,Dorchester,MA,02122,resolved,MA,"Boston, MA",true,Boston city,2507000,Suffolk County,Boston city,Match,Non_Exact,A,"23 FAULKNER ST, DORCHESTER, MA, 02122",42.29951865269,-71.061535322591,250250922001000,known_neighborhood_or_postal_difference,,,,
A0221,191 Park DR,Boston,MA,02215,resolved,MA,"Boston, MA",true,Boston city,2507000,Suffolk County,Boston city,Match,Exact,A,"191 PARK DR, BOSTON, MA, 02215",42.341033010088,-71.100162328229,250250102052001,same_name,,,,
A0222,1901 VALLEJO ST,San Francisco,CA,,resolved,CA,"San Francisco, CA",true,San Francisco city,0667000,San Francisco County,Richmond-Presidio-Marina CCD,Match,Exact,A,"1901 VALLEJO ST, SAN FRANCISCO, CA, 94123",37.795996387914,-122.428597910742,060750131022001,same_name,zip_missing,,,
A0223,504 COURT ST,Hoboken,NJ,07030,resolved,NJ,"Hoboken, NJ",true,Hoboken city,3432250,Hudson County,Hoboken city,Match,Exact,A,"504 COURT ST, HOBOKEN, NJ, 07030",40.742214718476,-74.028940035026,340170187012002,same_name,,,,
A0224,8727 TOBIAS AVE,Los Angeles,CA,91402,resolved,CA,"Los Angeles, CA",true,Los Angeles city,0644000,Los Angeles County,San Fernando Valley CCD,Match,Non_Exact,A,"8727 TOBIAS AVE, PANORAMA CITY, CA, 91402",34.228507480493,-118.451718756162,060371201032000,same_name,,,,
A0225,1627 JACKSON ST,San Francisco,CA,,resolved,CA,"San Francisco, CA",true,San Francisco city,0667000,San Francisco County,Downtown-Northeast Neighborhoods-Treasure Island CCD,Match,Exact,A,"1627 JACKSON ST, SAN FRANCISCO, CA, 94109",37.794030087633,-122.421842293682,060750110012001,same_name,zip_missing,,,
A0226,663 MASSACHUSETTS AV,Boston,MA,02118,resolved,MA,"Boston, MA",true,Boston city,2507000,Suffolk County,Boston city,Match,Exact,A,"663 MASSACHUSETTS AVE, BOSTON, MA, 02118",42.335912589034,-71.0764696579,250250711012004,same_name,,,,
A0227,1401 HUDSON ST,Hoboken,NJ,07030,resolved,NJ,"Hoboken, NJ",true,Hoboken city,3432250,Hudson County,Hoboken city,Match,Exact,A,"1401 HUDSON ST, HOBOKEN, NJ, 07030",40.752162276083,-74.025132220092,340170183021010,same_name,,,,
A0228,225 COLLINGWOOD ST,San Francisco,CA,,resolved,CA,"San Francisco, CA",true,San Francisco city,0667000,San Francisco County,Western Addition-Buena Vista-Eureka Valley CCD,Match,Exact,A,"225 COLLINGWOOD ST, SAN FRANCISCO, CA, 94114",37.758806229242,-122.43584550357,060750205002005,same_name,zip_missing,,,
A0229,5164 03RD ST,San Francisco,CA,,resolved,CA,"San Francisco, CA",true,,,,,No_Match,,,,,,,same_name,zip_missing,,audited override applied (Census-verified reviewer query),yes
A0230,85 Hancock St,Cambridge,MA,,resolved,MA,"Cambridge, MA",true,Cambridge city,2511000,Middlesex County,Cambridge city,Match,Exact,A,"85 HANCOCK ST, CAMBRIDGE, MA, 02139",42.36894090845,-71.10823462185,250173538001003,same_name,zip_missing,,,
A0231,521 ARGUELLO BL,San Francisco,CA,,resolved,CA,"San Francisco, CA",true,San Francisco city,0667000,San Francisco County,Richmond-Presidio-Marina CCD,Match,Exact,A,"521 ARGUELLO BLVD, SAN FRANCISCO, CA, 94118",37.780784398048,-122.458904742326,060750451001000,same_name,zip_missing,,"Census reports Exact, but the comparison found: street_name_differs (ARGUELLO BL -> ARGUELLO)",
A0232,189 Third St,Cambridge,MA,,resolved,MA,"Cambridge, MA",true,Cambridge city,2511000,Middlesex County,Cambridge city,Match,Exact,A,"189 3RD ST, CAMBRIDGE, MA, 02141",42.367926768436,-71.080956110328,250173523001012,same_name,zip_missing,,,
A0233,30 MEDFIELD ST,Boston,MA,02215,resolved,MA,"Boston, MA",true,Boston city,2507000,Suffolk County,Boston city,Match,Exact,A,"30 MEDFIELD ST, BOSTON, MA, 02215",42.345263577025,-71.105981333095,250250102042008,same_name,,,"near_place_boundary: S -> no incorporated place (Brookline town), W -> no incorporated place (Brookline town)",
A0234,2212 BLAKE ST,Berkeley,CA,94704,resolved,CA,"Berkeley, CA",true,Berkeley city,0606000,Alameda County,Berkeley CCD,Match,Exact,A,"2212 BLAKE ST, BERKELEY, CA, 94704",37.863354369764,-122.26472014852,060014236021003,same_name,,,,
A0235,6736 SELMA AVE,Los Angeles,CA,90028,resolved,CA,"Los Angeles, CA",true,Los Angeles city,0644000,Los Angeles County,Los Angeles CCD,Match,Exact,A,"6736 SELMA AVE, LOS ANGELES, CA, 90028",34.099644694718,-118.337259232832,060371907012005,same_name,,,,
A0236,1110 JACKSON ST,San Francisco,CA,,resolved,CA,"San Francisco, CA",true,San Francisco city,0667000,San Francisco County,Downtown-Northeast Neighborhoods-Treasure Island CCD,Match,Exact,A,"1110 JACKSON ST, SAN FRANCISCO, CA, 94133",37.795227211112,-122.41341354471,060750108003002,same_name,zip_missing,,,
A0237,36 VALLEY ST,San Francisco,CA,,resolved,CA,"San Francisco, CA",true,San Francisco city,0667000,San Francisco County,Western Addition-Buena Vista-Eureka Valley CCD,Match,Exact,A,"36 VALLEY ST, SAN FRANCISCO, CA, 94110",37.744772339215,-122.423160521356,060750215002004,same_name,zip_missing,,,
A0238,15256 ACRE ST,Los Angeles,CA,91343,resolved,CA,"Los Angeles, CA",true,Los Angeles city,0644000,Los Angeles County,San Fernando Valley CCD,Match,Non_Exact,A,"15256 ACRE ST, NORTH HILLS, CA, 91343",34.229903219394,-118.465059354597,060371175202006,same_name,,,,
A0239,1476 UNIVERSITY AVE,Berkeley,CA,94702,resolved,CA,"Berkeley, CA",true,Berkeley city,0606000,Alameda County,Berkeley CCD,Match,Exact,A,"1476 UNIVERSITY AVE, BERKELEY, CA, 94702",37.870240703252,-122.282479272768,060014231001000,same_name,,,,
A0240,4135 38TH ST,San Diego,CA,92105,resolved,CA,"San Diego, CA",true,San Diego city,0666000,San Diego County,San Diego CCD,Match,Exact,A,"4135 38TH ST, SAN DIEGO, CA, 92105",32.752138713798,-117.111779263182,060730022011008,same_name,,,,
A0241,913 GARDEN ST,Hoboken,NJ,07030,resolved,NJ,"Hoboken, NJ",true,Hoboken city,3432250,Hudson County,Hoboken city,Match,Exact,A,"913 GARDEN ST, HOBOKEN, NJ, 07030",40.747790932129,-74.029507685512,340170186001000,same_name,,,,
A0242,85-87 SIERRA RD,Hyde Park,MA,02136,resolved,MA,"Boston, MA",true,Boston city,2507000,Suffolk County,Boston city,Match,Non_Exact,A,"87 SIERRA RD, HYDE PARK, MA, 02136",42.23648761117,-71.126219924108,250251402011007,known_neighborhood_or_postal_difference,,,,
A0243,664 OCEAN AVE.,Jersey City,NJ,07305,resolved,NJ,"Jersey City, NJ",true,Jersey City city,3436000,Hudson County,Jersey City city,Match,Exact,A,"664 OCEAN AVE, JERSEY CITY, NJ, 07305",40.709014299361,-74.076659540243,340170045003004,same_name,,,,
A0244,1126 HUDSON ST,Hoboken,NJ,07030,resolved,NJ,"Hoboken, NJ",true,Hoboken city,3432250,Hudson County,Hoboken city,Match,Exact,A,"1126 HUDSON ST, HOBOKEN, NJ, 07030",40.75007710711,-74.025921583962,340170187022001,same_name,,,,
A0245,30 WEST HOWELL ST M-D,Dorchester,MA,02125,review_required,MA,"Boston, MA",true,Boston city,2507000,Suffolk County,Boston city,Match,Non_Exact,A,"30 W HOWELL ST, DORCHESTER, MA, 02125",42.325356355842,-71.059503187262,250250907004012,known_neighborhood_or_postal_difference,,non_exact_meaningful_difference: street_name_differs (W HOWELL ST M-D -> W HOWELL),,
A0246,4386 COPELAND AVE,San Diego,CA,92105,resolved,CA,"San Diego, CA",true,San Diego city,0666000,San Diego County,San Diego CCD,Match,Exact,A,"4386 COPELAND AVE, SAN DIEGO, CA, 92105",32.756800937083,-117.104047557974,060730021002008,same_name,,,,
A0247,4957 CAPE MAY AVE,San Diego,CA,92107,resolved,CA,"San Diego, CA",true,San Diego city,0666000,San Diego County,San Diego CCD,Match,Exact,A,"4957 CAPE MAY AVE, SAN DIEGO, CA, 92107",32.748875084016,-117.248171449465,060730075023003,same_name,,,,
A0248,941 S KENMORE AVE,Los Angeles,CA,90006,resolved,CA,"Los Angeles, CA",true,Los Angeles city,0644000,Los Angeles County,Los Angeles CCD,Match,Exact,A,"941 S KENMORE AVE, LOS ANGELES, CA, 90006",34.054561165408,-118.296589306557,060372123051005,same_name,,,,
A0249,498-500 HAWTHORNE AVE,Newark,NJ,10013,resolved,NJ,"Newark, NJ",true,Newark city,3451000,Essex County,Newark city,Match,Non_Exact,A,"500 HAWTHORNE AVE, NEWARK, NJ, 07112",40.719775769166,-74.215280471054,340130043001013,same_name,zip_outside_state,,source ZIP 10013 is outside NJ's USPS range (starter-pack audit),
A0250,211 BALDWIN AVE.,Jersey City,NJ,07002,resolved,NJ,"Jersey City, NJ",true,Jersey City city,3436000,Hudson County,Jersey City city,Match,Non_Exact,A,"211 BALDWIN AVE, JERSEY CITY, NJ, 07306",40.729192320523,-74.060120792112,340170071003001,same_name,,,,
A0251,4663 33RD ST,San Diego,CA,92116,resolved,CA,"San Diego, CA",true,San Diego city,0666000,San Diego County,San Diego CCD,Match,Exact,A,"4663 33RD ST, SAN DIEGO, CA, 92116",32.762436259509,-117.122794711786,060730018021011,same_name,,,,
A0252,15514 CHASE ST,Los Angeles,CA,91343,resolved,CA,"Los Angeles, CA",true,Los Angeles city,0644000,Los Angeles County,San Fernando Valley CCD,Match,Non_Exact,A,"15514 CHASE ST, NORTH HILLS, CA, 91343",34.224605812398,-118.470326035112,060371174081003,same_name,,,,
A0253,2250 NORTH POINT ST,San Francisco,CA,,resolved,CA,"San Francisco, CA",true,San Francisco city,0667000,San Francisco County,Richmond-Presidio-Marina CCD,Match,Exact,A,"2250 N POINT ST, SAN FRANCISCO, CA, 94123",37.802722582821,-122.444275084577,060750127001010,same_name,zip_missing,,,
A0254,805 WASHINGTON ST,Hoboken,NJ,07030,resolved,NJ,"Hoboken, NJ",true,Hoboken city,3432250,Hudson County,Hoboken city,Match,Exact,A,"805 WASHINGTON ST, HOBOKEN, NJ, 07030",40.746063788663,-74.028189698217,340170187021000,same_name,,,,
A0255,851 E 51ST ST,Los Angeles,CA,90011,resolved,CA,"Los Angeles, CA",true,Los Angeles city,0644000,Los Angeles County,Los Angeles CCD,Match,Exact,A,"851 E 51ST ST, LOS ANGELES, CA, 90011",33.996666263731,-118.260152086488,060372292002004,same_name,,,,
A0256,327 JACKSON ST,Hoboken,NJ,07017,resolved,NJ,"Hoboken, NJ",true,Hoboken city,3432250,Hudson County,Hoboken city,Match,Non_Exact,A,"327 JACKSON ST, HOBOKEN, NJ, 07030",40.742101329412,-74.0400671093,340170190003001,same_name,,,,
A0257,5 COMMER CT,San Francisco,CA,,resolved,CA,"San Francisco, CA",true,San Francisco city,0667000,San Francisco County,Bayview CCD,Match,Exact,A,"5 COMMER CT, SAN FRANCISCO, CA, 94124",37.732351895037,-122.384674255589,060750231022004,same_name,zip_missing,,,
A0258,471 COLUMBIA RD,Dorchester,MA,02125,resolved,MA,"Boston, MA",true,Boston city,2507000,Suffolk County,Boston city,Match,Exact,A,"471 COLUMBIA RD, DORCHESTER, MA, 02125",42.314021035494,-71.067499784037,250250915001004,known_neighborhood_or_postal_difference,,,,
A0259,872 NORTH POINT ST,San Francisco,CA,,resolved,CA,"San Francisco, CA",true,San Francisco city,0667000,San Francisco County,Downtown-Northeast Neighborhoods-Treasure Island CCD,Match,Exact,A,"872 N POINT ST, SAN FRANCISCO, CA, 94109",37.805617181224,-122.421551166436,060750102021012,same_name,zip_missing,,,
A0260,2479 LE CONTE AVE,Berkeley,CA,94709,resolved,CA,"Berkeley, CA",true,Berkeley city,0606000,Alameda County,Berkeley CCD,Match,Exact,A,"2479 LE CONTE AVE, BERKELEY, CA, 94709",37.87682628993,-122.261370866713,060014225003001,same_name,,,,
A0261,525 ADAMS ST,Hoboken,NJ,07030,resolved,NJ,"Hoboken, NJ",true,Hoboken city,3432250,Hudson County,Hoboken city,Match,Exact,A,"525 ADAMS ST, HOBOKEN, NJ, 07030",40.743627056924,-74.03569006655,340170189001005,same_name,,,,
A0262,2924 E JUNIPER ST,San Diego,CA,92104,review_required,CA,"San Diego, CA",true,San Diego city,0666000,San Diego County,San Diego CCD,Match,Non_Exact,A,"2924 JUNIPER ST, SAN DIEGO, CA, 92104",32.729713456435,-117.13126954968,060730043003010,same_name,,non_exact_meaningful_difference: street_directional_differs (E JUNIPER -> JUNIPER),,
A0263,1636 M L KING JR WAY,Berkeley,CA,94709,resolved,CA,"Berkeley, CA",true,Berkeley city,0606000,Alameda County,Berkeley CCD,Match,Exact,A,"1636 MARTIN LUTHER KING JR WAY, BERKELEY, CA, 94709",37.877104430999,-122.273753258644,060014223001000,same_name,,,"Census reports Exact, but the comparison found: street_name_differs (M L KING JR -> MARTIN LUTHER KING JR)",
A0264,583-589 ELIZABETH AVE,Newark,NJ,11516,resolved,NJ,"Newark, NJ",true,Newark city,3451000,Essex County,Newark city,Match,Non_Exact,A,"589 ELIZABETH AVE, NEWARK, NJ, 07112",40.706702590971,-74.203997082351,340130049002002,same_name,zip_outside_state,,source ZIP 11516 is outside NJ's USPS range (starter-pack audit),
A0265,102 BALDWIN AVE.,Jersey City,NJ,07306,resolved,NJ,"Jersey City, NJ",true,Jersey City city,3436000,Hudson County,Jersey City city,Match,Exact,A,"102 BALDWIN AVE, JERSEY CITY, NJ, 07306",40.725395005355,-74.062860646313,340170031021002,same_name,,,,
A0266,52 BRIGHT ST.,Jersey City,NJ,10016,resolved,NJ,"Jersey City, NJ",true,Jersey City city,3436000,Hudson County,Jersey City city,Match,Non_Exact,A,"52 BRIGHT ST, JERSEY CITY, NJ, 07302",40.716964287987,-74.04716146876,340170064002001,same_name,zip_outside_state,,source ZIP 10016 is outside NJ's USPS range (starter-pack audit),
A0267,1314 N VAN NESS AVE,Los Angeles,CA,90028,resolved,CA,"Los Angeles, CA",true,Los Angeles city,0644000,Los Angeles County,Los Angeles CCD,Match,Non_Exact,A,"1314 N VAN NESS AVE, LOS ANGELES, CA, 90038",34.095065338349,-118.31568631956,060371909013004,same_name,,,,
A0268,1848 FRANKLIN ST,San Francisco,CA,,resolved,CA,"San Francisco, CA",true,San Francisco city,0667000,San Francisco County,Richmond-Presidio-Marina CCD,Match,Exact,A,"1848 FRANKLIN ST, SAN FRANCISCO, CA, 94109",37.791524228684,-122.42417782805,060750131012000,same_name,zip_missing,,,
A0269,1015 CLINTON ST,Hoboken,NJ,10003,resolved,NJ,"Hoboken, NJ",true,Hoboken city,3432250,Hudson County,Hoboken city,Match,Non_Exact,A,"1015 CLINTON ST, HOBOKEN, NJ, 07030",40.749581279292,-74.031887796981,340170185011001,same_name,zip_outside_state,,source ZIP 10003 is outside NJ's USPS range (starter-pack audit),
A0270,29 CONCORD ST,Jersey City,NJ,07306,resolved,NJ,"Jersey City, NJ",true,Jersey City city,3436000,Hudson County,Jersey City city,Match,Exact,A,"29 CONCORD ST, JERSEY CITY, NJ, 07306",40.733442605846,-74.052574845456,340170014002002,same_name,,,,
A0271,4115 LINCOLN WY,San Francisco,CA,,resolved,CA,"San Francisco, CA",true,San Francisco city,0667000,San Francisco County,Sunset CCD,Match,Exact,A,"4115 LINCOLN WAY, SAN FRANCISCO, CA, 94122",37.764244000512,-122.502100180635,060750351011006,same_name,zip_missing,,,
A0272,5 Everett St,Cambridge,MA,,resolved,MA,"Cambridge, MA",true,Cambridge city,2511000,Middlesex County,Cambridge city,Match,Exact,A,"5 EVERETT ST, CAMBRIDGE, MA, 02138",42.380002159495,-71.11923068717,250173536002007,same_name,zip_missing,,,
A0273,3911 CENTRE ST,San Diego,CA,92103,resolved,CA,"San Diego, CA",true,San Diego city,0666000,San Diego County,San Diego CCD,Match,Exact,A,"3911 CENTRE ST, SAN DIEGO, CA, 92103",32.749136257741,-117.147965593551,060730006003010,same_name,,,,
A0274,7072 EASTMAN ST,San Diego,CA,92111,resolved,CA,"San Diego, CA",true,San Diego city,0666000,San Diego County,San Diego CCD,Match,Exact,A,"7072 EASTMAN ST, SAN DIEGO, CA, 92111",32.789776238445,-117.168439360297,060730086004003,same_name,,,,
A0275,4091 MORRELL ST,San Diego,CA,92109,resolved,CA,"San Diego, CA",true,San Diego city,0666000,San Diego County,San Diego CCD,Match,Exact,A,"4091 MORRELL ST, SAN DIEGO, CA, 92109",32.795607414483,-117.231646719173,060730077023000,same_name,,,,
A0276,4361 ILLINOIS ST,San Diego,CA,92104,resolved,CA,"San Diego, CA",true,San Diego city,0666000,San Diego County,San Diego CCD,Match,Exact,A,"4361 ILLINOIS ST, SAN DIEGO, CA, 92104",32.756358147896,-117.127636770855,060730012011005,same_name,,,,
A0277,2736 GRANT ST,Berkeley,CA,94703,resolved,CA,"Berkeley, CA",true,Berkeley city,0606000,Alameda County,Berkeley CCD,Match,Exact,A,"2736 GRANT ST, BERKELEY, CA, 94703",37.85849365947,-122.273424660577,060014234003008,same_name,,,,
A0278,1800 FRANKLIN ST,San Francisco,CA,,resolved,CA,"San Francisco, CA",true,San Francisco city,0667000,San Francisco County,Richmond-Presidio-Marina CCD,Match,Exact,A,"1800 FRANKLIN ST, SAN FRANCISCO, CA, 94109",37.791146664293,-122.424100965563,060750131012000,same_name,zip_missing,,,
A0279,90 KENSINGTON AVE.,Jersey City,NJ,07302,review_required,NJ,"Jersey City, NJ",true,Jersey City city,3436000,Hudson County,Jersey City city,Tie,,,,,,,same_name,,"tie_in_attempt_A | tie_in_attempt_C | tie_candidates_share_place: 2 candidates, all inside Jersey City city",,
A0280,1215 11TH AV,San Francisco,CA,,resolved,CA,"San Francisco, CA",true,San Francisco city,0667000,San Francisco County,Sunset CCD,Match,Exact,A,"1215 11TH AVE, SAN FRANCISCO, CA, 94122",37.76547270684,-122.468630232306,060750302021004,same_name,zip_missing,,,
A0281,1725 N GOWER ST,Los Angeles,CA,90028,resolved,CA,"Los Angeles, CA",true,Los Angeles city,0644000,Los Angeles County,Los Angeles CCD,Match,Exact,A,"1725 N GOWER ST, LOS ANGELES, CA, 90028",34.102103469042,-118.32242566214,060371910001009,same_name,,,,
A0282,2240 10TH ST,Berkeley,CA,94710,resolved,CA,"Berkeley, CA",true,Berkeley city,0606000,Alameda County,Berkeley CCD,Match,Exact,A,"2240 10TH ST, BERKELEY, CA, 94710",37.865429346313,-122.292299289201,060014232001017,same_name,,,,
A0283,90 BARTLETT ST,San Francisco,CA,,resolved,CA,"San Francisco, CA",true,San Francisco city,0667000,San Francisco County,Mission-Bernal CCD,Match,Exact,A,"90 BARTLETT ST, SAN FRANCISCO, CA, 94110",37.755542885749,-122.41994757491,060750208013003,same_name,zip_missing,,,
A0284,345 Columbia St,Cambridge,MA,,resolved,MA,"Cambridge, MA",true,Cambridge city,2511000,Middlesex County,Cambridge city,Match,Exact,A,"345 COLUMBIA ST, CAMBRIDGE, MA, 02141",42.371521199602,-71.095359909702,250173528001001,same_name,zip_missing,,,
A0285,5255 HARMONY AVE,Los Angeles,CA,91601,resolved,CA,"Los Angeles, CA",true,Los Angeles city,0644000,Los Angeles County,San Fernando Valley CCD,Match,Non_Exact,A,"5255 HARMONY AVE, NORTH HOLLYWOOD, CA, 91601",34.165894818542,-118.366517318934,060371253212001,same_name,,,,
A0286,27 Irving Ter,Cambridge,MA,,resolved,MA,"Cambridge, MA",true,Cambridge city,2511000,Middlesex County,Cambridge city,Match,Exact,A,"27 IRVING TER, CAMBRIDGE, MA, 02138",42.375840853959,-71.111412032264,250173537002002,same_name,zip_missing,,,
A0287,404 GRAND ST,Hoboken,NJ,07075,resolved,NJ,"Hoboken, NJ",true,Hoboken city,3432250,Hudson County,Hoboken city,Match,Non_Exact,A,"404 GRAND ST, HOBOKEN, NJ, 07030",40.742295062797,-74.035272884466,340170190001000,same_name,,,,
A0288,75 CLENDENNY AVE.,Jersey City,NJ,11211,resolved,NJ,"Jersey City, NJ",true,Jersey City city,3436000,Hudson County,Jersey City city,Match,Non_Exact,A,"75 CLENDENNY AVE, JERSEY CITY, NJ, 07304",40.718013229375,-74.0811726863,340170042003000,same_name,zip_outside_state,,source ZIP 11211 is outside NJ's USPS range (starter-pack audit),
A0289,1741 M L KING JR WAY,Berkeley,CA,94709,resolved,CA,"Berkeley, CA",true,Berkeley city,0606000,Alameda County,Berkeley CCD,Match,Exact,A,"1741 MARTIN LUTHER KING JR WAY, BERKELEY, CA, 94709",37.874873789784,-122.273285380013,060014224003007,same_name,,,"Census reports Exact, but the comparison found: street_name_differs (M L KING JR -> MARTIN LUTHER KING JR)",
A0290,21 Forest St,Cambridge,MA,,resolved,MA,"Cambridge, MA",true,Cambridge city,2511000,Middlesex County,Cambridge city,Match,Exact,A,"21 FOREST ST, CAMBRIDGE, MA, 02140",42.385243189976,-71.116197964756,250173536003009,same_name,zip_missing,,"near_place_boundary: N -> Somerville city, E -> Somerville city",
A0291,165 Cambridgepark Dr,Cambridge,MA,,review_required,MA,"Cambridge, MA",true,Cambridge city,2511000,Middlesex County,Cambridge city,Tie,,,,,,,same_name,zip_missing,"tie_in_attempt_A | tie_candidates_share_place: 2 candidates, all inside Cambridge city",,
A0292,24 Berkshire St,Cambridge,MA,,resolved,MA,"Cambridge, MA",true,Cambridge city,2511000,Middlesex County,Cambridge city,Match,Exact,A,"24 BERKSHIRE ST, CAMBRIDGE, MA, 02141",42.368859452865,-71.091628846996,250173526001008,same_name,zip_missing,,,
A0293,1314 NATOMA ST,San Francisco,CA,,resolved,CA,"San Francisco, CA",true,San Francisco city,0667000,San Francisco County,Mission-Bernal CCD,Match,Exact,A,"1314 NATOMA ST, SAN FRANCISCO, CA, 94103",37.768086302987,-122.418602494007,060750201012008,same_name,zip_missing,,,
A0294,178 Richdale Ave,Cambridge,MA,,resolved,MA,"Cambridge, MA",true,Cambridge city,2511000,Middlesex County,Cambridge city,Match,Exact,A,"178 RICHDALE AVE, CAMBRIDGE, MA, 02140",42.389122123461,-71.126525304753,250173547002004,same_name,zip_missing,,,
A0295,Harvard ST LOT 2A-13,Dorchester,MA,02124,unresolved,,,,,,,,No_Match,,,,,,,unresolved,,no_match_after_bounded_fallbacks,,
A0296,83-85 MCWHORTER ST,Newark,NJ,07105,resolved,NJ,"Newark, NJ",true,Newark city,3451000,Essex County,Newark city,Match,Non_Exact,A,"85 MCWHORTER ST, NEWARK, NJ, 07105",40.730142326692,-74.16622635068,340130079003004,same_name,,,,
A0297,211-213 SUMMER AVE,Newark,NJ,11205,resolved,NJ,"Newark, NJ",true,Newark city,3451000,Essex County,Newark city,Match,Non_Exact,A,"213 SUMMER AVE, NEWARK, NJ, 07104",40.758931675998,-74.171685521994,340130087002000,same_name,zip_outside_state,,source ZIP 11205 is outside NJ's USPS range (starter-pack audit),
A0298,361 Washington St,Cambridge,MA,,resolved,MA,"Cambridge, MA",true,Cambridge city,2511000,Middlesex County,Cambridge city,Match,Exact,A,"361 WASHINGTON ST, CAMBRIDGE, MA, 02139",42.365668497367,-71.099392946846,250173525002010,same_name,zip_missing,,,
A0299,1037 WASHINGTON ST,Hoboken,NJ,10994,resolved,NJ,"Hoboken, NJ",true,Hoboken city,3432250,Hudson County,Hoboken city,Match,Non_Exact,A,"1037 WASHINGTON ST, HOBOKEN, NJ, 07030",40.749050177411,-74.027266530035,340170187023002,same_name,zip_outside_state,,source ZIP 10994 is outside NJ's USPS range (starter-pack audit),
A0300,36 Trowbridge St,Cambridge,MA,,resolved,MA,"Cambridge, MA",true,Cambridge city,2511000,Middlesex County,Cambridge city,Match,Exact,A,"36 TROWBRIDGE ST, CAMBRIDGE, MA, 02138",42.371850975157,-71.111648701864,250173538002001,same_name,zip_missing,,,
A0301,165 Hampshire St,Cambridge,MA,,resolved,MA,"Cambridge, MA",true,Cambridge city,2511000,Middlesex County,Cambridge city,Match,Exact,A,"165 HAMPSHIRE ST, CAMBRIDGE, MA, 02139",42.371842605201,-71.098439445715,250173528001007,same_name,zip_missing,,,
A0302,4-6 Clinton St,Cambridge,MA,,resolved,MA,"Cambridge, MA",true,Cambridge city,2511000,Middlesex County,Cambridge city,Match,Non_Exact,A,"6 CLINTON ST, CAMBRIDGE, MA, 02139",42.367516001139,-71.106823748323,250173530001009,same_name,zip_missing,,,
A0303,188 E 35TH ST,Los Angeles,CA,90011,resolved,CA,"Los Angeles, CA",true,Los Angeles city,0644000,Los Angeles County,Los Angeles CCD,Match,Exact,A,"188 E 35TH ST, LOS ANGELES, CA, 90011",34.016877079827,-118.271171829397,060372311001001,same_name,,,,
A0304,4541 HAMILTON ST,San Diego,CA,92116,resolved,CA,"San Diego, CA",true,San Diego city,0666000,San Diego County,San Diego CCD,Match,Exact,A,"4541 HAMILTON ST, SAN DIEGO, CA, 92116",32.759898286948,-117.136296909949,060730012022001,same_name,,,,
A0305,638 45TH AV,San Francisco,CA,,resolved,CA,"San Francisco, CA",true,San Francisco city,0667000,San Francisco County,Richmond-Presidio-Marina CCD,Match,Exact,A,"638 45TH AVE, SAN FRANCISCO, CA, 94121",37.776456954836,-122.505895195699,060750479032003,same_name,zip_missing,,,
A0306,335A Harvard St,Cambridge,MA,,resolved,MA,"Cambridge, MA",true,Cambridge city,2511000,Middlesex County,Cambridge city,Match,Non_Exact,A,"335A HARVARD ST, CAMBRIDGE, MA, 02139",42.370715584888,-71.109090354517,250173538003006,same_name,zip_missing,,,
A0307,294-296 VAN BUREN ST,Newark,NJ,07512,resolved,NJ,"Newark, NJ",true,Newark city,3451000,Essex County,Newark city,Match,Non_Exact,A,"296 VAN BUREN ST, NEWARK, NJ, 07105",40.721814664163,-74.16080945112,340130070002000,same_name,,,,
A0308,1032 HUDSON ST,Hoboken,NJ,07024,resolved,NJ,"Hoboken, NJ",true,Hoboken city,3432250,Hudson County,Hoboken city,Match,Non_Exact,A,"1032 HUDSON ST, HOBOKEN, NJ, 07030",40.748749351079,-74.026323440877,340170187023002,same_name,,,,
A0309,1706 N STANLEY AVE,Los Angeles,CA,90046,resolved,CA,"Los Angeles, CA",true,Los Angeles city,0644000,Los Angeles County,Los Angeles CCD,Match,Exact,A,"1706 N STANLEY AVE, LOS ANGELES, CA, 90046",34.101835421105,-118.356114053762,060371941012003,same_name,,,,
A0310,53-55 Ashford ST,Allston,MA,02134,resolved,MA,"Boston, MA",true,Boston city,2507000,Suffolk County,Boston city,Match,Non_Exact,A,"55 ASHFORD ST, ALLSTON, MA, 02134",42.354497619427,-71.126531334249,250250008051004,known_neighborhood_or_postal_difference,,,,
A0311,38-38- SOMME ST,Newark,NJ,07032,review_required,NJ,"Newark, NJ",true,Newark city,3451000,Essex County,Newark city,Match,Non_Exact,A,"38 SOMME ST, NEWARK, NJ, 07105",40.731405439225,-74.150647497602,340130075011001,same_name,,non_exact_meaningful_difference: house_number_missing_in_input | non_exact_meaningful_difference: street_name_differs (38-38- SOMME -> SOMME),,
A0312,25 ORLANDO ST,Mattapan,MA,02126,resolved,MA,"Boston, MA",true,Boston city,2507000,Suffolk County,Boston city,Match,Exact,A,"25 ORLANDO ST, MATTAPAN, MA, 02126",42.274643004403,-71.0991080589,250251010016000,known_neighborhood_or_postal_difference,,,,
A0313,317-319 W RUNYON ST,Newark,NJ,11205,resolved,NJ,"Newark, NJ",true,Newark city,3451000,Essex County,Newark city,Match,Non_Exact,A,"319 W RUNYON ST, NEWARK, NJ, 07108",40.719489638436,-74.209161967359,340130053002006,same_name,zip_outside_state,,source ZIP 11205 is outside NJ's USPS range (starter-pack audit),
A0314,6640 LELAND WAY,Los Angeles,CA,90028,resolved,CA,"Los Angeles, CA",true,Los Angeles city,0644000,Los Angeles County,Los Angeles CCD,Match,Exact,A,"6640 LELAND WAY, LOS ANGELES, CA, 90028",34.096954047102,-118.334062631211,060371907021005,same_name,,,,
A0315,5233 CARTWRIGHT AVE,Los Angeles,CA,91601,resolved,CA,"Los Angeles, CA",true,Los Angeles city,0644000,Los Angeles County,San Fernando Valley CCD,Match,Non_Exact,A,"5233 CARTWRIGHT AVE, NORTH HOLLYWOOD, CA, 91601",34.165516896714,-118.363242167449,060371253211001,same_name,,,,
A0316,3978 FLORIDA ST,San Diego,CA,92104,resolved,CA,"San Diego, CA",true,San Diego city,0666000,San Diego County,San Diego CCD,Match,Exact,A,"3978 FLORIDA ST, SAN DIEGO, CA, 92104",32.749889290623,-117.143805824838,060730009021001,same_name,,,,
A0317,2233 CHANNING WAY,Berkeley,CA,94704,resolved,CA,"Berkeley, CA",true,Berkeley city,0606000,Alameda County,Berkeley CCD,Match,Exact,A,"2233 CHANNING WAY, BERKELEY, CA, 94704",37.866269484742,-122.264363578265,060014228003004,same_name,,,,
A0318,2041 FRANCISCO ST,Berkeley,CA,94709,resolved,CA,"Berkeley, CA",true,Berkeley city,0606000,Alameda County,Berkeley CCD,Match,Exact,A,"2041 FRANCISCO ST, BERKELEY, CA, 94709",37.875520264007,-122.270236431385,060014224003005,same_name,,,,
A0319,2315 GRANT ST,Berkeley,CA,94703,resolved,CA,"Berkeley, CA",true,Berkeley city,0606000,Alameda County,Berkeley CCD,Match,Exact,A,"2315 GRANT ST, BERKELEY, CA, 94703",37.866407956138,-122.27469711854,060014230002007,same_name,,,,
A0320,408 MADISON ST,Hoboken,NJ,07030,resolved,NJ,"Hoboken, NJ",true,Hoboken city,3432250,Hudson County,Hoboken city,Match,Exact,A,"408 MADISON ST, HOBOKEN, NJ, 07030",40.742822649905,-74.038062021201,340170190002001,same_name,,,,
A0321,200 NUNDA AVE.,Jersey City,NJ,07306,resolved,NJ,"Jersey City, NJ",true,Jersey City city,3436000,Hudson County,Jersey City city,Match,Exact,A,"200 NUNDA AVE, JERSEY CITY, NJ, 07306",40.729025280221,-74.079221896001,340170027004002,same_name,,,,
A0322,227 CYPRESS DR,San Ysidro,CA,92173,resolved,CA,"San Diego, CA",true,San Diego city,0666000,San Diego County,San Diego CCD,Match,Exact,A,"227 CYPRESS DR, SAN YSIDRO, CA, 92173",32.555470956839,-117.045151967648,060730100131002,known_neighborhood_or_postal_difference,,,,
A0323,4627 COMPTON AVE,Los Angeles,CA,90011,resolved,CA,"Los Angeles, CA",true,Los Angeles city,0644000,Los Angeles County,Los Angeles CCD,Match,Exact,A,"4627 COMPTON AVE, LOS ANGELES, CA, 90011",34.001632563866,-118.247839866285,060372287201004,same_name,,,,
A0324,2003 FRANKLIN ST,San Francisco,CA,,resolved,CA,"San Francisco, CA",true,San Francisco city,0667000,San Francisco County,Richmond-Presidio-Marina CCD,Match,Exact,A,"2003 FRANKLIN ST, SAN FRANCISCO, CA, 94109",37.792904441436,-122.424604033397,060750131011001,same_name,zip_missing,,,
A0325,38A GAUTIER AVE.,Jersey City,NJ,07302,resolved,NJ,"Jersey City, NJ",true,Jersey City city,3436000,Hudson County,Jersey City city,Match,Non_Exact,A,"38A GAUTIER AVE, JERSEY CITY, NJ, 07306",40.72613987341,-74.079307176087,340170027002002,same_name,,,,
A0326,46 JEFFERSON ST,Newark,NJ,07105,resolved,NJ,"Newark, NJ",true,Newark city,3451000,Essex County,Newark city,Match,Exact,A,"46 JEFFERSON ST, NEWARK, NJ, 07105",40.731191686503,-74.16011411828,340130079001017,same_name,,,,
A0327,1605 N MARTEL AVE,Los Angeles,CA,90046,resolved,CA,"Los Angeles, CA",true,Los Angeles city,0644000,Los Angeles County,Los Angeles CCD,Match,Exact,A,"1605 N MARTEL AVE, LOS ANGELES, CA, 90046",34.099942749927,-118.350240944927,060371899052001,same_name,,,,
A0328,1845 08TH AV,San Francisco,CA,,resolved,CA,"San Francisco, CA",true,,,,,No_Match,,,,,,,same_name,zip_missing,,audited override applied (Census-verified reviewer query),yes
A0329,51 MADISON ST,Newark,NJ,07105,resolved,NJ,"Newark, NJ",true,Newark city,3451000,Essex County,Newark city,Match,Exact,A,"51 MADISON ST, NEWARK, NJ, 07105",40.730936900745,-74.159407511479,340130079001017,same_name,,,,
A0330,5229 WILLOWCREST AVE,Los Angeles,CA,91601,resolved,CA,"Los Angeles, CA",true,Los Angeles city,0644000,Los Angeles County,San Fernando Valley CCD,Match,Non_Exact,A,"5229 WILLOWCREST AVE, NORTH HOLLYWOOD, CA, 91601",34.165448094429,-118.362200030188,060371253211000,same_name,,,,
A0331,342-344 IRVINE TURNER BLV,Newark,NJ,11219,review_required,NJ,"Newark, NJ",true,Newark city,3451000,Essex County,Newark city,Match,Non_Exact,A,"344 IRVINE TURNER BLVD, NEWARK, NJ, 07108",40.722514194915,-74.193318622525,340130232002000,same_name,zip_outside_state,non_exact_meaningful_difference: street_name_differs (IRVINE TURNER BLV -> IRVINE TURNER),source ZIP 11219 is outside NJ's USPS range (starter-pack audit),
A0332,26 SONOMA ST,Dorchester,MA,02121,resolved,MA,"Boston, MA",true,Boston city,2507000,Suffolk County,Boston city,Match,Exact,A,"26 SONOMA ST, DORCHESTER, MA, 02121",42.308190903587,-71.086856518884,250250821002002,known_neighborhood_or_postal_difference,,,,
A0333,3752 33RD ST,San Diego,CA,92104,resolved,CA,"San Diego, CA",true,San Diego city,0666000,San Diego County,San Diego CCD,Match,Exact,A,"3752 33RD ST, SAN DIEGO, CA, 92104",32.746101678529,-117.12293391208,060730015001009,same_name,,,,
A0334,2025 FRANCISCO ST,Berkeley,CA,94709,resolved,CA,"Berkeley, CA",true,Berkeley city,0606000,Alameda County,Berkeley CCD,Match,Exact,A,"2025 FRANCISCO ST, BERKELEY, CA, 94709",37.875475369217,-122.270586610925,060014224003005,same_name,,,,
A0335,125 BEMIS ST,San Francisco,CA,,resolved,CA,"San Francisco, CA",true,San Francisco city,0667000,San Francisco County,Western Addition-Buena Vista-Eureka Valley CCD,Match,Exact,A,"125 BEMIS ST, SAN FRANCISCO, CA, 94131",37.737182683157,-122.430367276697,060750218003002,same_name,zip_missing,,,
A0336,151 North First St,Cambridge,MA,,resolved,MA,"Cambridge, MA",true,Cambridge city,2511000,Middlesex County,Cambridge city,Match,Exact,A,"151 N FIRST ST, CAMBRIDGE, MA, 02141",42.372482137906,-71.075526736217,250173521013004,same_name,zip_missing,,,
A0337,66 MONROE ST,Newark,NJ,07032,resolved,NJ,"Newark, NJ",true,Newark city,3451000,Essex County,Newark city,Match,Non_Exact,A,"66 MONROE ST, NEWARK, NJ, 07105",40.730254220709,-74.158991782803,340130079001016,same_name,,,,
A0338,521-523 S 17TH,Newark,NJ,07417,resolved,NJ,"Newark, NJ",true,Newark city,3451000,Essex County,Newark city,Match,Non_Exact,C,"523 S 17TH ST, NEWARK, NJ, 07103",40.738106423692,-74.208427714769,340130026001008,same_name,,,matched by fallback attempt C,
A0339,124 Berkshire St,Cambridge,MA,,resolved,MA,"Cambridge, MA",true,Cambridge city,2511000,Middlesex County,Cambridge city,Match,Exact,A,"124 BERKSHIRE ST, CAMBRIDGE, MA, 02141",42.371616346646,-71.090029432444,250173526002000,same_name,zip_missing,,,
A0340,14735 ROSCOE BLVD,Los Angeles,CA,91402,resolved,CA,"Los Angeles, CA",true,Los Angeles city,0644000,Los Angeles County,San Fernando Valley CCD,Match,Non_Exact,A,"14735 ROSCOE BLVD, PANORAMA CITY, CA, 91402",34.22154746833,-118.454598749429,060371201063000,same_name,,,,
A0341,4225 50TH ST,San Diego,CA,92115,resolved,CA,"San Diego, CA",true,San Diego city,0666000,San Diego County,San Diego CCD,Match,Exact,A,"4225 50TH ST, SAN DIEGO, CA, 92115",32.753521698227,-117.086787563421,060730027084001,same_name,,,,
A0342,49 Roseland St,Cambridge,MA,,resolved,MA,"Cambridge, MA",true,Cambridge city,2511000,Middlesex County,Cambridge city,Match,Exact,A,"49 ROSELAND ST, CAMBRIDGE, MA, 02140",42.386748328179,-71.116972926785,250173536003002,same_name,zip_missing,,"near_place_boundary: N -> Somerville city, E -> Somerville city",
A0343,408-410 5TH ST,Newark,NJ,10997,review_required,NJ,"Newark, NJ",true,Newark city,3451000,Essex County,Newark city,Match,Non_Exact,C,"410 N 5TH ST, NEWARK, NJ, 07107",40.762180695094,-74.184299638763,340130008001005,same_name,zip_outside_state,non_exact_meaningful_difference: street_directional_differs (5TH -> N 5TH),source ZIP 10997 is outside NJ's USPS range (starter-pack audit) | matched by fallback attempt C,
A0344,238 & 242 GARFIELD AVE.,Jersey City,NJ,07304,review_required,NJ,"Jersey City, NJ",true,Jersey City city,3436000,Hudson County,Jersey City city,Match,Non_Exact,A,"242 GARFIELD AVE, JERSEY CITY, NJ, 07305",40.692246111645,-74.091122112815,340170063003006,same_name,,non_exact_meaningful_difference: house_number_differs (238 -> 242) | non_exact_meaningful_difference: street_name_differs (& 242 GARFIELD -> GARFIELD),,
A0345,153 W VERNON AVE,Los Angeles,CA,90037,resolved,CA,"Los Angeles, CA",true,Los Angeles city,0644000,Los Angeles County,Los Angeles CCD,Match,Exact,A,"153 W VERNON AVE, LOS ANGELES, CA, 90037",34.003875826453,-118.275158399166,060372318002003,same_name,,,,
A0346,AUBURN DR,San Diego,CA,92105,unresolved,,,,,,,,No_Match,,,,,,,unresolved,,no_match_after_bounded_fallbacks,,
A0347,2142 2ND AVE,San Diego,CA,92101,resolved,CA,"San Diego, CA",true,San Diego city,0666000,San Diego County,San Diego CCD,Match,Exact,A,"2142 2ND AVE, SAN DIEGO, CA, 92101",32.727653319366,-117.163065698172,060730059002011,same_name,,,,
A0348,229 CLINTON ST,Hoboken,NJ,08755,resolved,NJ,"Hoboken, NJ",true,Hoboken city,3432250,Hudson County,Hoboken city,Match,Non_Exact,A,"229 CLINTON ST, HOBOKEN, NJ, 07030",40.739876679452,-74.034849797859,340170191001000,same_name,,,,
A0349,2400 DANA ST,Berkeley,CA,94704,resolved,CA,"Berkeley, CA",true,Berkeley city,0606000,Alameda County,Berkeley CCD,Match,Exact,A,"2400 DANA ST, BERKELEY, CA, 94704",37.866568691092,-122.261163802946,060014228004000,same_name,,,,
A0350,1051 WEST SIDE AVE.,Jersey City,NJ,07446,resolved,NJ,"Jersey City, NJ",true,Jersey City city,3436000,Hudson County,Jersey City city,Match,Non_Exact,A,"1051 W SIDE AVE, JERSEY CITY, NJ, 07306",40.735168801416,-74.070961149168,340170018001009,same_name,,,,
A0351,628 HYDE ST,San Francisco,CA,,resolved,CA,"San Francisco, CA",true,San Francisco city,0667000,San Francisco County,Downtown-Northeast Neighborhoods-Treasure Island CCD,Match,Exact,A,"628 HYDE ST, SAN FRANCISCO, CA, 94109",37.786610489702,-122.41643664948,060750122043000,same_name,zip_missing,,,
A0352,40-42 MT PROSPECT AVE,Newark,NJ,07083,review_required,,,,,,,,Tie,,,,,,,unresolved,,"tie_in_attempt_A | tie_in_attempt_C | tie_candidates_disagree: [('NJ', '3451000'), ('NJ', None)]",,
A0353,1044 E JEFFERSON BLVD,Los Angeles,CA,90011,resolved,CA,"Los Angeles, CA",true,Los Angeles city,0644000,Los Angeles County,Los Angeles CCD,Match,Exact,A,"1044 E JEFFERSON BLVD, LOS ANGELES, CA, 90011",34.012089330967,-118.257806027731,060372283101001,same_name,,,,
A0354,73 LUBEC ST,East Boston,MA,02128,resolved,MA,"Boston, MA",true,Boston city,2507000,Suffolk County,Boston city,Match,Exact,A,"73 LUBEC ST, EAST BOSTON, MA, 02128",42.370721531914,-71.033000779013,250250505001003,known_neighborhood_or_postal_difference,,,,
A0355,10701 AMESTOY AVE,Los Angeles,CA,91344,resolved,CA,"Los Angeles, CA",true,Los Angeles city,0644000,Los Angeles County,San Fernando Valley CCD,Match,Non_Exact,A,"10701 AMESTOY AVE, GRANADA HILLS, CA, 91344",34.264856666784,-118.506705841287,060371112023018,same_name,,,,
A0356,16 Brainerd RD,Allston,MA,02134,resolved,MA,"Boston, MA",true,Boston city,2507000,Suffolk County,Boston city,Match,Exact,A,"16 BRAINERD RD, ALLSTON, MA, 02134",42.348858680092,-71.130629546012,250250007042000,known_neighborhood_or_postal_difference,,,near_place_boundary: S -> no incorporated place (Brookline town),
A0357,173 07TH ST,San Francisco,CA,,resolved,CA,"San Francisco, CA",true,,,,,No_Match,,,,,,,same_name,zip_missing,,audited override applied (Census-verified reviewer query),yes
A0358,717 N 6TH ST,Newark,NJ,07110,resolved,NJ,"Newark, NJ",true,Newark city,3451000,Essex County,Newark city,Match,Non_Exact,A,"717 N 6TH ST, NEWARK, NJ, 07107",40.773922773441,-74.179007529056,340130002001001,same_name,,,,
A0359,925 PARK AVE,Hoboken,NJ,07306,resolved,NJ,"Hoboken, NJ",true,Hoboken city,3432250,Hudson County,Hoboken city,Match,Non_Exact,A,"925 PARK AVE, HOBOKEN, NJ, 07030",40.748092459219,-74.030402774821,340170186001001,same_name,,,,
A0360,140 NEW YORK AVE.,Jersey City,NJ,10977,resolved,NJ,"Jersey City, NJ",true,Jersey City city,3436000,Hudson County,Jersey City city,Match,Non_Exact,A,"140 NEW YORK AVE, JERSEY CITY, NJ, 07307",40.741104245751,-74.047111900025,340170013001003,same_name,zip_outside_state,,source ZIP 10977 is outside NJ's USPS range (starter-pack audit),
A0361,15 Berkshire St,Cambridge,MA,,resolved,MA,"Cambridge, MA",true,Cambridge city,2511000,Middlesex County,Cambridge city,Match,Exact,A,"15 BERKSHIRE ST, CAMBRIDGE, MA, 02141",42.368426537915,-71.092040596292,250173526002007,same_name,zip_missing,,,
A0362,368 RIVERWAY ST,Boston,MA,02115,resolved,MA,"Boston, MA",true,Boston city,2507000,Suffolk County,Boston city,Match,Non_Exact,A,"368 RIVERWAY, BOSTON, MA, 02115",42.334291810524,-71.110791246894,250250810014003,same_name,,,near_place_boundary: W -> no incorporated place (Brookline town),
A0363,2451 SHATTUCK AVE,Berkeley,CA,94704,resolved,CA,"Berkeley, CA",true,Berkeley city,0606000,Alameda County,Berkeley CCD,Match,Exact,A,"2451 SHATTUCK AVE, BERKELEY, CA, 94704",37.864690284096,-122.267324831145,060014229011004,same_name,,,,
A0364,125 03RD AV,San Francisco,CA,,resolved,CA,"San Francisco, CA",true,,,,,No_Match,,,,,,,same_name,zip_missing,,audited override applied (Census-verified reviewer query),yes
A0365,3940 IDAHO ST,San Diego,CA,92104,resolved,CA,"San Diego, CA",true,San Diego city,0666000,San Diego County,San Diego CCD,Match,Exact,A,"3940 IDAHO ST, SAN DIEGO, CA, 92104",32.749235987165,-117.13391504862,060730013023002,same_name,,,,
A0366,230 Everett ST,East Boston,MA,02128,resolved,MA,"Boston, MA",true,Boston city,2507000,Suffolk County,Boston city,Match,Exact,A,"230 EVERETT ST, EAST BOSTON, MA, 02128",42.365643672949,-71.030306589214,250250512002008,known_neighborhood_or_postal_difference,,,,
A0367,219 S 35TH ST,San Diego,CA,92113,resolved,CA,"San Diego, CA",true,San Diego city,0666000,San Diego County,San Diego CCD,Match,Exact,A,"219 S 35TH ST, SAN DIEGO, CA, 92113",32.704217966085,-117.118695602941,060730035012003,same_name,,,,
A0368,1430 FRANCISCO ST,San Francisco,CA,,resolved,CA,"San Francisco, CA",true,San Francisco city,0667000,San Francisco County,Richmond-Presidio-Marina CCD,Match,Exact,A,"1430 FRANCISCO ST, SAN FRANCISCO, CA, 94123",37.802780409256,-122.428752796943,060750129012003,same_name,zip_missing,,,
A0369,3260 CALIFORNIA ST,Berkeley,CA,94703,resolved,CA,"Berkeley, CA",true,Berkeley city,0606000,Alameda County,Berkeley CCD,Match,Exact,A,"3260 CALIFORNIA ST, BERKELEY, CA, 94703",37.848609498456,-122.276013172823,060014240014003,same_name,,,,
A0370,2222 TOBERMAN ST,Los Angeles,CA,90007,resolved,CA,"Los Angeles, CA",true,Los Angeles city,0644000,Los Angeles County,Los Angeles CCD,Match,Exact,A,"2222 TOBERMAN ST, LOS ANGELES, CA, 90007",34.034721924415,-118.281203744904,060372244101007,same_name,,,,
A0371,76-80 BRUEN ST,Newark,NJ,07105,resolved,NJ,"Newark, NJ",true,Newark city,3451000,Essex County,Newark city,Match,Non_Exact,A,"80 BRUEN ST, NEWARK, NJ, 07105",40.730337311596,-74.166930355672,340130079003004,same_name,,,,
A0372,314 SEVENTH ST.,Jersey City,NJ,07302,resolved,NJ,"Jersey City, NJ",true,Jersey City city,3436000,Hudson County,Jersey City city,Match,Exact,A,"314 7TH ST, JERSEY CITY, NJ, 07302",40.726486238182,-74.047955557321,340170023001000,same_name,,,,
A0373,1315 SPRUCE ST,Berkeley,CA,94709,resolved,CA,"Berkeley, CA",true,Berkeley city,0606000,Alameda County,Berkeley CCD,Match,Exact,A,"1315 SPRUCE ST, BERKELEY, CA, 94709",37.883557224033,-122.266249122343,060014216003008,same_name,,,,
A0374,686 S ARDMORE AVE,Los Angeles,CA,90005,resolved,CA,"Los Angeles, CA",true,Los Angeles city,0644000,Los Angeles County,Los Angeles CCD,Match,Exact,A,"686 S ARDMORE AVE, LOS ANGELES, CA, 90005",34.060247782434,-118.301920522459,060372124101000,same_name,,,,
A0375,1880 FULTON ST,San Francisco,CA,,resolved,CA,"San Francisco, CA",true,San Francisco city,0667000,San Francisco County,Western Addition-Buena Vista-Eureka Valley CCD,Match,Exact,A,"1880 FULTON ST, SAN FRANCISCO, CA, 94117",37.775695071124,-122.447766948778,060750157012005,same_name,zip_missing,,,
A0376,ST JAMES ST,Roxbury,MA,02119,unresolved,,,,,,,,No_Match,,,,,,,unresolved,,no_match_after_bounded_fallbacks,,
A0377,206 BLOOMFIELD ST,Hoboken,NJ,10003,resolved,NJ,"Hoboken, NJ",true,Hoboken city,3432250,Hudson County,Hoboken city,Match,Non_Exact,A,"206 BLOOMFIELD ST, HOBOKEN, NJ, 07030",40.738998730944,-74.031363571985,340170188003005,same_name,zip_outside_state,,source ZIP 10003 is outside NJ's USPS range (starter-pack audit),
A0378,4053 IDAHO ST,San Diego,CA,92104,resolved,CA,"San Diego, CA",true,San Diego city,0666000,San Diego County,San Diego CCD,Match,Exact,A,"4053 IDAHO ST, SAN DIEGO, CA, 92104",32.751323560417,-117.133775905803,060730013021003,same_name,,,,
A0379,1336 BRUNNER ST,San Diego,CA,92110,resolved,CA,"San Diego, CA",true,San Diego city,0666000,San Diego County,San Diego CCD,Match,Exact,A,"1336 BRUNNER ST, SAN DIEGO, CA, 92110",32.769172247535,-117.189895788824,060730091073009,same_name,,,,
A0380,GREENVILLE ST,Roxbury,MA,02119,unresolved,,,,,,,,No_Match,,,,,,,unresolved,,no_match_after_bounded_fallbacks,,
A0381,521-523 MARKET ST,Newark,NJ,07105,resolved,NJ,"Newark, NJ",true,Newark city,3451000,Essex County,Newark city,Match,Non_Exact,A,"523 MARKET ST, NEWARK, NJ, 07105",40.732015014036,-74.155856508272,340130079001005,same_name,,,,
A0382,119 DAY ST,San Francisco,CA,,resolved,CA,"San Francisco, CA",true,San Francisco city,0667000,San Francisco County,Western Addition-Buena Vista-Eureka Valley CCD,Match,Exact,A,"119 DAY ST, SAN FRANCISCO, CA, 94131",37.742927740317,-122.425132126354,060750215003005,same_name,zip_missing,,,
A0383,1908 CALIFORNIA ST,Berkeley,CA,94703,resolved,CA,"Berkeley, CA",true,Berkeley city,0606000,Alameda County,Berkeley CCD,Match,Exact,A,"1908 CALIFORNIA ST, BERKELEY, CA, 94703",37.872036512971,-122.280023113182,060014223003003,same_name,,,,
A0384,21 GUERRERO ST,San Francisco,CA,,unresolved,,,,,,,,No_Match,,,,,,,unresolved,zip_missing,no_match_after_bounded_fallbacks,,
A0385,1059 UNION ST,San Francisco,CA,,resolved,CA,"San Francisco, CA",true,San Francisco city,0667000,San Francisco County,Downtown-Northeast Neighborhoods-Treasure Island CCD,Match,Exact,A,"1059 UNION ST, SAN FRANCISCO, CA, 94133",37.79947735291,-122.416408067433,060750103003006,same_name,zip_missing,,,
A0386,3654 ARIZONA ST,San Diego,CA,92104,resolved,CA,"San Diego, CA",true,San Diego city,0666000,San Diego County,San Diego CCD,Match,Exact,A,"3654 ARIZONA ST, SAN DIEGO, CA, 92104",32.744723856404,-117.1379712012,060730008002000,same_name,,,,
A0387,10303 CAMINITO ALVAREZ,San Diego,CA,92126,resolved,CA,"San Diego, CA",true,San Diego city,0666000,San Diego County,San Diego CCD,Match,Exact,A,"10303 CMT ALVAREZ, SAN DIEGO, CA, 92126",32.9053438981,-117.169286391696,060730083504005,same_name,,,"Census reports Exact, but the comparison found: street_name_differs (CAMINITO ALVAREZ -> CMT ALVAREZ)",
A0388,157-155 CLERK ST.,Jersey City,NJ,07305,resolved,NJ,"Jersey City, NJ",true,Jersey City city,3436000,Hudson County,Jersey City city,Match,Non_Exact,A,"155 CLERK ST, JERSEY CITY, NJ, 07305",40.708921674003,-74.075725799324,340170045003004,same_name,,,,
A0389,923 GARDEN ST,Hoboken,NJ,07068,resolved,NJ,"Hoboken, NJ",true,Hoboken city,3432250,Hudson County,Hoboken city,Match,Non_Exact,A,"923 GARDEN ST, HOBOKEN, NJ, 07030",40.747908908406,-74.029472700113,340170186001000,same_name,,,,
A0390,70 DARCY ST,Newark,NJ,07202,resolved,NJ,"Newark, NJ",true,Newark city,3451000,Essex County,Newark city,Match,Non_Exact,A,"70 DARCY ST, NEWARK, NJ, 07105",40.726005356196,-74.149929644264,340130073001012,same_name,,,,
A0391,265 22ND ST,San Diego,CA,92102,resolved,CA,"San Diego, CA",true,San Diego city,0666000,San Diego County,San Diego CCD,Match,Exact,A,"265 22ND ST, SAN DIEGO, CA, 92102",32.707989329138,-117.143904241304,060730047002012,same_name,,,,
A0392,4545 N 39TH ST,San Diego,CA,92116,review_required,CA,"San Diego, CA",true,San Diego city,0666000,San Diego County,San Diego CCD,Match,Non_Exact,A,"4545 39TH ST, SAN DIEGO, CA, 92116",32.759875365223,-117.110733157421,060730021004001,same_name,,non_exact_meaningful_difference: street_directional_differs (N 39TH -> 39TH),,
A0393,91 JORDAN AVE.,Jersey City,NJ,07081,resolved,NJ,"Jersey City, NJ",true,Jersey City city,3436000,Hudson County,Jersey City city,Match,Non_Exact,A,"91 JORDAN AVE, JERSEY CITY, NJ, 07306",40.72674257266,-74.064895908212,340170030001003,same_name,,,,
A0394,45 RAVINE AVE.,Jersey City,NJ,07302,resolved,NJ,"Jersey City, NJ",true,Jersey City city,3436000,Hudson County,Jersey City city,Match,Non_Exact,A,"45 RAVINE AVE, JERSEY CITY, NJ, 07307",40.74028302667,-74.049129869145,340170011002007,same_name,,,,
A0395,1632 RUSSELL ST,Berkeley,CA,94703,resolved,CA,"Berkeley, CA",true,Berkeley city,0606000,Alameda County,Berkeley CCD,Match,Exact,A,"1632 RUSSELL ST, BERKELEY, CA, 94703",37.85541480374,-122.275797862561,060014234004007,same_name,,,,
A0396,3244 CLAIREMONT DR,San Diego,CA,92117,resolved,CA,"San Diego, CA",true,San Diego city,0666000,San Diego County,San Diego CCD,Match,Exact,A,"3244 CLAIREMONT DR, SAN DIEGO, CA, 92117",32.800141615463,-117.195770657922,060730091012000,same_name,,,,
A0397,1677 BUSH ST,San Francisco,CA,,resolved,CA,"San Francisco, CA",true,San Francisco city,0667000,San Francisco County,Western Addition-Buena Vista-Eureka Valley CCD,Match,Exact,A,"1677 BUSH ST, SAN FRANCISCO, CA, 94109",37.788065631555,-122.424817163952,060750151003004,same_name,zip_missing,,,
A0398,890 GREEN ST,San Francisco,CA,,resolved,CA,"San Francisco, CA",true,San Francisco city,0667000,San Francisco County,Downtown-Northeast Neighborhoods-Treasure Island CCD,Match,Exact,A,"890 GREEN ST, SAN FRANCISCO, CA, 94133",37.798969157635,-122.413748040152,060750103003000,same_name,zip_missing,,,
A0399,227 WILLOW AVE,Hoboken,NJ,07643,resolved,NJ,"Hoboken, NJ",true,Hoboken city,3432250,Hudson County,Hoboken city,Match,Non_Exact,A,"227 WILLOW AVE, HOBOKEN, NJ, 07030",40.739690854009,-74.033923758593,340170188003003,same_name,,,,
A0400,174 MT PROSPECT AVE,Newark,NJ,07107,review_required,NJ,"Newark, NJ",true,Newark city,3451000,Essex County,Newark city,Tie,,,,,,,same_name,,"tie_in_attempt_A | tie_in_attempt_C | tie_candidates_share_place: 2 candidates, all inside Newark city",,
A0401,257 14TH ST,San Francisco,CA,,resolved,CA,"San Francisco, CA",true,San Francisco city,0667000,San Francisco County,Mission-Bernal CCD,Match,Exact,A,"257 14TH ST, SAN FRANCISCO, CA, 94103",37.768275245554,-122.419001453676,060750201012008,same_name,zip_missing,,,
A0402,2914 LARKIN ST,San Francisco,CA,,resolved,CA,"San Francisco, CA",true,San Francisco city,0667000,San Francisco County,Downtown-Northeast Neighborhoods-Treasure Island CCD,Match,Exact,A,"2914 LARKIN ST, SAN FRANCISCO, CA, 94109",37.804747750317,-122.421779262494,060750102021013,same_name,zip_missing,,,
A0403,45 Myrtle ST,Boston,MA,02114,resolved,MA,"Boston, MA",true,Boston city,2507000,Suffolk County,Boston city,Match,Exact,A,"45 MYRTLE ST, BOSTON, MA, 02114",42.359416672345,-71.066075463637,250250202001001,same_name,,,,
A0404,240 BOWERS ST.,Jersey City,NJ,07603,resolved,NJ,"Jersey City, NJ",true,Jersey City city,3436000,Hudson County,Jersey City city,Match,Non_Exact,A,"240 BOWERS ST, JERSEY CITY, NJ, 07307",40.749176716976,-74.053172054328,340170005003001,same_name,,,,
A0405,10214 FERNGLEN AVE,Los Angeles,CA,91042,resolved,CA,"Los Angeles, CA",true,Los Angeles city,0644000,Los Angeles County,San Fernando Valley CCD,Match,Non_Exact,A,"10214 FERNGLEN AVE, TUJUNGA, CA, 91042",34.254405539147,-118.294269681844,060371012211000,same_name,,,,
A0406,170 W Springfield ST,Boston,MA,02118,resolved,MA,"Boston, MA",true,Boston city,2507000,Suffolk County,Boston city,Match,Exact,A,"170 W SPRINGFIELD ST, BOSTON, MA, 02118",42.339468331482,-71.079433474181,250250709021001,same_name,,,,
A0407,4188 GREENBUSH AVE,Los Angeles,CA,91423,resolved,CA,"Los Angeles, CA",true,Los Angeles city,0644000,Los Angeles County,San Fernando Valley CCD,Match,Non_Exact,A,"4188 GREENBUSH AVE, SHERMAN OAKS, CA, 91423",34.146796782796,-118.426009923389,060371411022012,same_name,,,,
A0408,14375 POLK ST,Los Angeles,CA,91342,resolved,CA,"Los Angeles, CA",true,Los Angeles city,0644000,Los Angeles County,San Fernando Valley CCD,Match,Non_Exact,A,"14375 POLK ST, SYLMAR, CA, 91342",34.310760350581,-118.446247129705,060371064051002,same_name,,,,
A0409,4428 GRESHAM ST,San Diego,CA,92109,resolved,CA,"San Diego, CA",true,San Diego city,0666000,San Diego County,San Diego CCD,Match,Exact,A,"4428 GRESHAM ST, SAN DIEGO, CA, 92109",32.79763108496,-117.244179056101,060730079071002,same_name,,,,
A0410,319 SUMMIT AVE.,Jersey City,NJ,07306,resolved,NJ,"Jersey City, NJ",true,Jersey City city,3436000,Hudson County,Jersey City city,Match,Exact,A,"319 SUMMIT AVE, JERSEY CITY, NJ, 07306",40.726387646101,-74.064026798734,340170030001004,same_name,,,,
A0411,1833 BERKELEY WAY,Berkeley,CA,94703,resolved,CA,"Berkeley, CA",true,Berkeley city,0606000,Alameda County,Berkeley CCD,Match,Exact,A,"1833 BERKELEY WAY, BERKELEY, CA, 94703",37.87232876757,-122.27465308516,060014223003000,same_name,,,,
A0412,229-231 GRAFTON AVE,Newark,NJ,07003,resolved,NJ,"Newark, NJ",true,Newark city,3451000,Essex County,Newark city,Match,Non_Exact,A,"231 GRAFTON AVE, NEWARK, NJ, 07104",40.778250739849,-74.167287967397,340130095001002,same_name,,,,
A0413,2209 GRAND AVE,San Diego,CA,92109,resolved,CA,"San Diego, CA",true,San Diego city,0666000,San Diego County,San Diego CCD,Match,Exact,A,"2209 GRAND AVE, SAN DIEGO, CA, 92109",32.800271149641,-117.229073590912,060730078003003,same_name,,,,
A0414,1987 CALIFORNIA ST,San Francisco,CA,,resolved,CA,"San Francisco, CA",true,San Francisco city,0667000,San Francisco County,Western Addition-Buena Vista-Eureka Valley CCD,Match,Exact,A,"1987 CALIFORNIA ST, SAN FRANCISCO, CA, 94109",37.789718887946,-122.426993113372,060750152011000,same_name,zip_missing,,,
A0415,95 WAYNE ST.,Jersey City,NJ,07302,resolved,NJ,"Jersey City, NJ",true,Jersey City city,3436000,Hudson County,Jersey City city,Match,Exact,A,"95 WAYNE ST, JERSEY CITY, NJ, 07302",40.719860194431,-74.046863038788,340170064001002,same_name,,,,
A0416,882 PAVONIA AVE.,Jersey City,NJ,10281,resolved,NJ,"Jersey City, NJ",true,Jersey City city,3436000,Hudson County,Jersey City city,Match,Non_Exact,A,"882 PAVONIA AVE, JERSEY CITY, NJ, 07306",40.734106488592,-74.069855824873,340170018001007,same_name,zip_outside_state,,source ZIP 10281 is outside NJ's USPS range (starter-pack audit),
A0417,4957 CAHUENGA BLVD,Los Angeles,CA,91601,resolved,CA,"Los Angeles, CA",true,Los Angeles city,0644000,Los Angeles County,San Fernando Valley CCD,Match,Non_Exact,A,"4957 CAHUENGA BLVD, NORTH HOLLYWOOD, CA, 91601",34.160498077424,-118.361590637042,060371255012009,same_name,,,,
A0418,221 SIP AVE.,Jersey City,NJ,07009,resolved,NJ,"Jersey City, NJ",true,Jersey City city,3436000,Hudson County,Jersey City city,Match,Non_Exact,A,"221 SIP AVE, JERSEY CITY, NJ, 07306",40.731794725913,-74.070139397713,340170029001002,same_name,,,,
A0419,1538 HENRY ST,Berkeley,CA,94709,resolved,CA,"Berkeley, CA",true,Berkeley city,0606000,Alameda County,Berkeley CCD,Match,Exact,A,"1538 HENRY ST, BERKELEY, CA, 94709",37.879313015271,-122.2705189327,060014217003005,same_name,,,,
A0420,4419 CLEVELAND AVE,San Diego,CA,92116,resolved,CA,"San Diego, CA",true,San Diego city,0666000,San Diego County,San Diego CCD,Match,Exact,A,"4419 CLEVELAND AVE, SAN DIEGO, CA, 92116",32.757581273133,-117.149951913385,060730005003002,same_name,,,,
A0421,17106 CHATSWORTH ST   APT 0001,Los Angeles,CA,91344,resolved,CA,"Los Angeles, CA",true,Los Angeles city,0644000,Los Angeles County,San Fernando Valley CCD,Match,Non_Exact,A,"17106 CHATSWORTH ST, GRANADA HILLS, CA, 91344",34.264737200693,-118.505814381942,060371113031001,same_name,,,,
A0422,21-23 Marion St,Cambridge,MA,,resolved,MA,"Cambridge, MA",true,Cambridge city,2511000,Middlesex County,Cambridge city,Match,Non_Exact,A,"23 MARION ST, CAMBRIDGE, MA, 02141",42.372408944103,-71.088992232886,250173527002006,same_name,zip_missing,,,
A0423,10 CAMELOT CT,Brighton,MA,02135,resolved,MA,"Boston, MA",true,Boston city,2507000,Suffolk County,Boston city,Match,Exact,A,"10 CAMELOT CT, BRIGHTON, MA, 02135",42.349362810146,-71.141330315148,250250006042002,known_neighborhood_or_postal_difference,,,,
A0424,208 JEFFERSON ST,Hoboken,NJ,07030,resolved,NJ,"Hoboken, NJ",true,Hoboken city,3432250,Hudson County,Hoboken city,Match,Exact,A,"208 JEFFERSON ST, HOBOKEN, NJ, 07030",40.740157173654,-74.037883549718,340170191001004,same_name,,,,
A0425,650 POST ST,San Francisco,CA,,resolved,CA,"San Francisco, CA",true,San Francisco city,0667000,San Francisco County,Downtown-Northeast Neighborhoods-Treasure Island CCD,Match,Exact,A,"650 POST ST, SAN FRANCISCO, CA, 94109",37.787814500247,-122.412614041685,060750121003000,same_name,zip_missing,,,
A0426,1307 COLUSA ST,San Diego,CA,92110,resolved,CA,"San Diego, CA",true,San Diego city,0666000,San Diego County,San Diego CCD,Match,Exact,A,"1307 COLUSA ST, SAN DIEGO, CA, 92110",32.768532440161,-117.190773729749,060730091073010,same_name,,,,
A0427,7665 FOUNTAIN AVE,Los Angeles,CA,90046,review_required,CA,"Los Angeles, CA",true,Los Angeles city,0644000,Los Angeles County,Los Angeles CCD,Match,Non_Exact,A,"7665 W FOUNTAIN AVE, LOS ANGELES, CA, 90046",34.094477803207,-118.356732566622,060371898022005,same_name,,non_exact_meaningful_difference: street_directional_differs (FOUNTAIN -> W FOUNTAIN),near_place_boundary: S -> West Hollywood city,
A0428,312-314 MT PROSPECT AVE,Newark,NJ,07109,review_required,NJ,"Newark, NJ",true,Newark city,3451000,Essex County,Newark city,Tie,,,,,,,same_name,,"tie_in_attempt_A | tie_in_attempt_C | tie_candidates_share_place: 2 candidates, all inside Newark city",,
A0429,12 BLACKWOOD ST,Boston,MA,02115,resolved,MA,"Boston, MA",true,Boston city,2507000,Suffolk County,Boston city,Match,Exact,A,"12 BLACKWOOD ST, BOSTON, MA, 02115",42.34315888883,-71.082683836307,250250105003003,same_name,,,,
A0430,1950 ADDISON ST,Berkeley,CA,94704,resolved,CA,"Berkeley, CA",true,Berkeley city,0606000,Alameda County,Berkeley CCD,Match,Exact,A,"1950 ADDISON ST, BERKELEY, CA, 94704",37.870562012406,-122.272637519825,060014229021001,same_name,,,,
A0431,245 EUCLID AVE,San Diego,CA,92114,resolved,CA,"San Diego, CA",true,San Diego city,0666000,San Diego County,San Diego CCD,Match,Exact,A,"245 EUCLID AVE, SAN DIEGO, CA, 92114",32.706728960145,-117.084936538347,060730031111005,same_name,,,,
A0432,14605 RAYEN ST,Los Angeles,CA,91402,resolved,CA,"Los Angeles, CA",true,Los Angeles city,0644000,Los Angeles County,San Fernando Valley CCD,Match,Non_Exact,A,"14605 RAYEN ST, PANORAMA CITY, CA, 91402",34.231842925425,-118.450479396041,060371193402000,same_name,,,,
A0433,720 W 27TH ST,Los Angeles,CA,90007,resolved,CA,"Los Angeles, CA",true,Los Angeles city,0644000,Los Angeles County,Los Angeles CCD,Match,Exact,A,"720 W 27TH ST, LOS ANGELES, CA, 90007",34.028044141305,-118.278944633921,060372247011004,same_name,,,,
A0434,1225 HYDE ST,San Francisco,CA,,resolved,CA,"San Francisco, CA",true,San Francisco city,0667000,San Francisco County,Downtown-Northeast Neighborhoods-Treasure Island CCD,Match,Exact,A,"1225 HYDE ST, SAN FRANCISCO, CA, 94109",37.792202707791,-122.417712027591,060750111012001,same_name,zip_missing,,,
A0435,310 MONROE ST,Hoboken,NJ,07632,resolved,NJ,"Hoboken, NJ",true,Hoboken city,3432250,Hudson County,Hoboken city,Match,Non_Exact,A,"310 MONROE ST, HOBOKEN, NJ, 07030",40.741775604922,-74.039361820557,340170190003001,same_name,,,,
A0436,832 WILLOW AVE,Hoboken,NJ,07030,resolved,NJ,"Hoboken, NJ",true,Hoboken city,3432250,Hudson County,Hoboken city,Match,Exact,A,"832 WILLOW AVE, HOBOKEN, NJ, 07030",40.747085607112,-74.031844915269,340170185022000,same_name,,,,
A0437,2969 SAN MARINO ST,Los Angeles,CA,90006,resolved,CA,"Los Angeles, CA",true,Los Angeles city,0644000,Los Angeles County,Los Angeles CCD,Match,Exact,A,"2969 SAN MARINO ST, LOS ANGELES, CA, 90006",34.05457350989,-118.293871486247,060372123061002,same_name,,,,
A0438,60-62 CAMBRIDGE AVE,Jersey City,NJ,07430,resolved,NJ,"Jersey City, NJ",true,Jersey City city,3436000,Hudson County,Jersey City city,Match,Non_Exact,A,"62 CAMBRIDGE AVE, JERSEY CITY, NJ, 07307",40.744904276955,-74.048682819823,340170007002004,same_name,,,,
A0439,225 25TH AV,San Francisco,CA,,resolved,CA,"San Francisco, CA",true,San Francisco city,0667000,San Francisco County,Richmond-Presidio-Marina CCD,Match,Exact,A,"225 25TH AVE, SAN FRANCISCO, CA, 94121",37.78525700396,-122.485184671551,060750427001001,same_name,zip_missing,,,
A0440,4042 FULTON ST,San Francisco,CA,,resolved,CA,"San Francisco, CA",true,San Francisco city,0667000,San Francisco County,Richmond-Presidio-Marina CCD,Match,Exact,A,"4042 FULTON ST, SAN FRANCISCO, CA, 94118",37.773046725887,-122.47502114247,060750476004003,same_name,zip_missing,,,
A0441,4017 ILLINOIS ST,San Diego,CA,92104,resolved,CA,"San Diego, CA",true,San Diego city,0666000,San Diego County,San Diego CCD,Match,Exact,A,"4017 ILLINOIS ST, SAN DIEGO, CA, 92104",32.750692356257,-117.127623761555,060730013012001,same_name,,,,
A0442,7014 LANEWOOD AVE,Los Angeles,CA,90028,resolved,CA,"Los Angeles, CA",true,Los Angeles city,0644000,Los Angeles County,Los Angeles CCD,Match,Exact,A,"7014 LANEWOOD AVE, LOS ANGELES, CA, 90028",34.099151448276,-118.341876805569,060371901022003,same_name,,,,
A0443,3526 FAIRMOUNT AVE,San Diego,CA,92105,resolved,CA,"San Diego, CA",true,San Diego city,0666000,San Diego County,San Diego CCD,Match,Exact,A,"3526 FAIRMOUNT AVE, SAN DIEGO, CA, 92105",32.742658851729,-117.101032546312,060730025013000,same_name,,,,
A0444,231 COMMONWEALTH AV,Boston,MA,02116,resolved,MA,"Boston, MA",true,Boston city,2507000,Suffolk County,Boston city,Match,Exact,A,"231 COMMONWEALTH AVE, BOSTON, MA, 02116",42.351030509952,-71.082259034359,250250107012001,same_name,,,,
A0445,8790 VAN NUYS BLVD,Los Angeles,CA,91402,resolved,CA,"Los Angeles, CA",true,Los Angeles city,0644000,Los Angeles County,San Fernando Valley CCD,Match,Non_Exact,A,"8790 VAN NUYS BLVD, PANORAMA CITY, CA, 91402",34.229751001698,-118.450185423298,060371201051000,same_name,,,,
A0446,610 COLUMBUS AV,Boston,MA,02118,resolved,MA,"Boston, MA",true,Boston city,2507000,Suffolk County,Boston city,Match,Exact,A,"610 COLUMBUS AVE, BOSTON, MA, 02118",42.339112790328,-71.083459763098,250250806011007,same_name,,,,
A0447,208 CLINTON ST,Hoboken,NJ,07030,resolved,NJ,"Hoboken, NJ",true,Hoboken city,3432250,Hudson County,Hoboken city,Match,Exact,A,"208 CLINTON ST, HOBOKEN, NJ, 07030",40.73966668696,-74.035067789528,340170191001001,same_name,,,,
A0448,151-153 LAFAYETTE ST,Newark,NJ,07105,resolved,NJ,"Newark, NJ",true,Newark city,3451000,Essex County,Newark city,Match,Non_Exact,A,"153 LAFAYETTE ST, NEWARK, NJ, 07105",40.730765527611,-74.16637215896,340130079003001,same_name,,,,
A0449,338 CLINTON PL,Newark,NJ,08701,resolved,NJ,"Newark, NJ",true,Newark city,3451000,Essex County,Newark city,Match,Non_Exact,A,"338 CLINTON PL, NEWARK, NJ, 07112",40.712312782686,-74.215190276398,340130046003000,same_name,,,,
A0450,94 NEPTUNE AVE.,Jersey City,NJ,11211,resolved,NJ,"Jersey City, NJ",true,Jersey City city,3436000,Hudson County,Jersey City city,Match,Non_Exact,A,"94 NEPTUNE AVE, JERSEY CITY, NJ, 07305",40.691942000511,-74.094734510649,340170063003003,same_name,zip_outside_state,,source ZIP 11211 is outside NJ's USPS range (starter-pack audit),
A0451,7300 VALMONT ST,Los Angeles,CA,91042,resolved,CA,"Los Angeles, CA",true,Los Angeles city,0644000,Los Angeles County,San Fernando Valley CCD,Match,Non_Exact,A,"7300 VALMONT ST, TUJUNGA, CA, 91042",34.252257110602,-118.291114794412,060371012221007,same_name,,,,
A0452,1310 N LAS PALMAS AVE,Los Angeles,CA,90028,resolved,CA,"Los Angeles, CA",true,Los Angeles city,0644000,Los Angeles County,Los Angeles CCD,Match,Exact,A,"1310 N LAS PALMAS AVE, LOS ANGELES, CA, 90028",34.094610686343,-118.336242443207,060371907022002,same_name,,,,
A0453,11 Carlisle St,Cambridge,MA,,resolved,MA,"Cambridge, MA",true,Cambridge city,2511000,Middlesex County,Cambridge city,Match,Exact,A,"11 CARLISLE ST, CAMBRIDGE, MA, 02139",42.372350092405,-71.097785158487,250173528001005,same_name,zip_missing,,,
A0454,8944 COLUMBUS AVE,Los Angeles,CA,91343,resolved,CA,"Los Angeles, CA",true,Los Angeles city,0644000,Los Angeles County,San Fernando Valley CCD,Match,Non_Exact,A,"8944 COLUMBUS AVE, NORTH HILLS, CA, 91343",34.232706363083,-118.465331558771,060371175101001,same_name,,,,
A0455,78 STEVENS AVE.,Jersey City,NJ,07108,resolved,NJ,"Jersey City, NJ",true,Jersey City city,3436000,Hudson County,Jersey City city,Match,Non_Exact,A,"78 STEVENS AVE, JERSEY CITY, NJ, 07305",40.701284285212,-74.087633111396,340170058011003,same_name,,,,
A0456,2151 CHATSWORTH BLVD,San Diego,CA,92107,resolved,CA,"San Diego, CA",true,San Diego city,0666000,San Diego County,San Diego CCD,Match,Exact,A,"2151 CHATSWORTH BLVD, SAN DIEGO, CA, 92107",32.738822467011,-117.228546774402,060730069002019,same_name,,,,
A0457,1856 GREEN ST,San Francisco,CA,,resolved,CA,"San Francisco, CA",true,San Francisco city,0667000,San Francisco County,Richmond-Presidio-Marina CCD,Match,Exact,A,"1856 GREEN ST, SAN FRANCISCO, CA, 94123",37.796928164046,-122.429684738163,060750130012002,same_name,zip_missing,,,
A0458,1670 E 48TH PL,Los Angeles,CA,90011,resolved,CA,"Los Angeles, CA",true,Los Angeles city,0644000,Los Angeles County,Los Angeles CCD,Match,Exact,A,"1670 E 48TH PL, LOS ANGELES, CA, 90011",33.999307703621,-118.243996855675,060372288001000,same_name,,,,
A0459,202 SOUTH ST.,Jersey City,NJ,07423,resolved,NJ,"Jersey City, NJ",true,Jersey City city,3436000,Hudson County,Jersey City city,Match,Non_Exact,A,"202 SOUTH ST, JERSEY CITY, NJ, 07307",40.750737802252,-74.051069939161,340170005001001,same_name,,,,
A0460,223-229 SHEPHARD AVE,Newark,NJ,11204,resolved,NJ,"Newark, NJ",true,Newark city,3451000,Essex County,Newark city,Match,Non_Exact,A,"229 SHEPHARD AVE, NEWARK, NJ, 07112",40.712390393489,-74.211611863532,340130046001002,same_name,zip_outside_state,,source ZIP 11204 is outside NJ's USPS range (starter-pack audit),
A0461,735 11TH AV,San Francisco,CA,,resolved,CA,"San Francisco, CA",true,San Francisco city,0667000,San Francisco County,Richmond-Presidio-Marina CCD,Match,Exact,A,"735 11TH AVE, SAN FRANCISCO, CA, 94118",37.774456141897,-122.469251256406,060750452011004,same_name,zip_missing,,,
A0462,128 ST. PAULS AVE.,Jersey City,NJ,11211,resolved,NJ,"Jersey City, NJ",true,Jersey City city,3436000,Hudson County,Jersey City city,Match,Non_Exact,A,"128 ST PAULS AVE, JERSEY CITY, NJ, 07306",40.736518619808,-74.05676729519,340170012011006,same_name,zip_outside_state,,source ZIP 11211 is outside NJ's USPS range (starter-pack audit),
A0463,4 BEECHWOOD ST,Dorchester,MA,02121,resolved,MA,"Boston, MA",true,Boston city,2507000,Suffolk County,Boston city,Match,Exact,A,"4 BEECHWOOD ST, DORCHESTER, MA, 02121",42.30507257807,-71.074772762892,250250918003002,known_neighborhood_or_postal_difference,,,,
A0464,2-98 DABNEY ST,Roxbury,MA,02119,resolved,MA,"Boston, MA",true,Boston city,2507000,Suffolk County,Boston city,Match,Non_Exact,A,"98 DABNEY ST, ROXBURY, MA, 02119",42.324057161703,-71.084731974369,250250817001003,known_neighborhood_or_postal_difference,,,,
A0465,141 Oxford St,Cambridge,MA,,resolved,MA,"Cambridge, MA",true,Cambridge city,2511000,Middlesex County,Cambridge city,Match,Exact,A,"141 OXFORD ST, CAMBRIDGE, MA, 02140",42.385287646163,-71.116210705332,250173536003009,same_name,zip_missing,,"near_place_boundary: N -> Somerville city, E -> Somerville city",
A0466,115 NORWAY ST,Boston,MA,02115,resolved,MA,"Boston, MA",true,Boston city,2507000,Suffolk County,Boston city,Match,Exact,A,"115 NORWAY ST, BOSTON, MA, 02115",42.345351761852,-71.088829313111,250250104032002,same_name,,,,
A0467,24 ST ALBANS RD,Boston,MA,02115,resolved,MA,"Boston, MA",true,Boston city,2507000,Suffolk County,Boston city,Match,Exact,A,"24 ST ALBANS RD, BOSTON, MA, 02115",42.333878417918,-71.106997184859,250250810013000,same_name,,,,
A0468,13 Shepard St,Cambridge,MA,,resolved,MA,"Cambridge, MA",true,Cambridge city,2511000,Middlesex County,Cambridge city,Match,Exact,A,"13 SHEPARD ST, CAMBRIDGE, MA, 02138",42.381661514871,-71.121015754447,250173540001007,same_name,zip_missing,,,
A0469,2701 SHATTUCK AVE,Berkeley,CA,94705,resolved,CA,"Berkeley, CA",true,Berkeley city,0606000,Alameda County,Berkeley CCD,Match,Exact,A,"2701 SHATTUCK AVE, BERKELEY, CA, 94705",37.860021095027,-122.266948509568,060014235002001,same_name,,,,
A0470,1919 CURTIS ST,Berkeley,CA,94702,resolved,CA,"Berkeley, CA",true,Berkeley city,0606000,Alameda County,Berkeley CCD,Match,Exact,A,"1919 CURTIS ST, BERKELEY, CA, 94702",37.870650504933,-122.289620577483,060014222003013,same_name,,,,
A0471,332-334 GARDEN ST,Hoboken,NJ,07604,resolved,NJ,"Hoboken, NJ",true,Hoboken city,3432250,Hudson County,Hoboken city,Match,Non_Exact,A,"334 GARDEN ST, HOBOKEN, NJ, 07030",40.74074767044,-74.031817207369,340170188003001,same_name,,,,
A0472,321 WILLOW AVE,Hoboken,NJ,07030,resolved,NJ,"Hoboken, NJ",true,Hoboken city,3432250,Hudson County,Hoboken city,Match,Exact,A,"321 WILLOW AVE, HOBOKEN, NJ, 07030",40.740882326316,-74.033572724402,340170188003002,same_name,,,,
A0473,20 Phillips ST,Boston,MA,02114,resolved,MA,"Boston, MA",true,Boston city,2507000,Suffolk County,Boston city,Match,Exact,A,"20 PHILLIPS ST, BOSTON, MA, 02114",42.360298905905,-71.067296757754,250250202002003,same_name,,,,
A0474,3438 MCKINLEY AVE,Los Angeles,CA,90011,resolved,CA,"Los Angeles, CA",true,Los Angeles city,0644000,Los Angeles County,Los Angeles CCD,Match,Exact,A,"3438 MCKINLEY AVE, LOS ANGELES, CA, 90011",34.012650923784,-118.260382953065,060372283101004,same_name,,,,
A0475,361 FIRST ST,Hoboken,NJ,07030,resolved,NJ,"Hoboken, NJ",true,Hoboken city,3432250,Hudson County,Hoboken city,Match,Exact,A,"361 1ST ST, HOBOKEN, NJ, 07030",40.73824152843,-74.035828506414,340170192001001,same_name,,,,
A0476,26-28 COTTAGE ST,Newark,NJ,07840,resolved,NJ,"Newark, NJ",true,Newark city,3451000,Essex County,Newark city,Match,Non_Exact,A,"28 COTTAGE ST, NEWARK, NJ, 07102",40.728822422354,-74.171964638319,340130080002020,same_name,,,,
A0477,2250 MISSION ST,San Francisco,CA,,resolved,CA,"San Francisco, CA",true,San Francisco city,0667000,San Francisco County,Mission-Bernal CCD,Match,Exact,A,"2250 MISSION ST, SAN FRANCISCO, CA, 94110",37.761016013708,-122.419353294864,060750208022002,same_name,zip_missing,,,
A0478,3860 CHEROKEE AVE,San Diego,CA,92104,resolved,CA,"San Diego, CA",true,San Diego city,0666000,San Diego County,San Diego CCD,Match,Exact,A,"3860 CHEROKEE AVE, SAN DIEGO, CA, 92104",32.748446614415,-117.114420057856,060730024012002,same_name,,,,
A0479,12948 MOORPARK ST,Los Angeles,CA,91604,resolved,CA,"Los Angeles, CA",true,Los Angeles city,0644000,Los Angeles County,San Fernando Valley CCD,Match,Non_Exact,A,"12948 MOORPARK ST, STUDIO CITY, CA, 91604",34.150301392175,-118.415275590675,060371435003005,same_name,,,,
A0480,4046 N 43RD ST,San Diego,CA,92105,review_required,CA,"San Diego, CA",true,San Diego city,0666000,San Diego County,San Diego CCD,Match,Non_Exact,A,"4046 43RD ST, SAN DIEGO, CA, 92105",32.750481775488,-117.102033252477,060730022021009,same_name,,non_exact_meaningful_difference: street_directional_differs (N 43RD -> 43RD),,
A0481,536 LEAVENWORTH ST,San Francisco,CA,,resolved,CA,"San Francisco, CA",true,San Francisco city,0667000,San Francisco County,Downtown-Northeast Neighborhoods-Treasure Island CCD,Match,Exact,A,"536 LEAVENWORTH ST, SAN FRANCISCO, CA, 94109",37.786028326648,-122.414634028725,060750123022001,same_name,zip_missing,,,
A0482,101 CLIFTON PL.,Jersey City,NJ,10982,resolved,NJ,"Jersey City, NJ",true,Jersey City city,3436000,Hudson County,Jersey City city,Match,Non_Exact,A,"101 CLIFTON PL, JERSEY CITY, NJ, 07304",40.721027897402,-74.06487503221,340170031022001,same_name,zip_outside_state,,source ZIP 10982 is outside NJ's USPS range (starter-pack audit),
A0483,1580 MARKET ST,San Francisco,CA,,resolved,CA,"San Francisco, CA",true,San Francisco city,0667000,San Francisco County,Western Addition-Buena Vista-Eureka Valley CCD,Match,Exact,A,"1580 MARKET ST, SAN FRANCISCO, CA, 94102",37.774588554781,-122.420119239496,060750168021000,same_name,zip_missing,,,
A0484,1801 08TH AV,San Francisco,CA,,resolved,CA,"San Francisco, CA",true,,,,,No_Match,,,,,,,same_name,zip_missing,,audited override applied (Census-verified reviewer query),yes
A0485,296-302 Western Ave,Cambridge,MA,,resolved,MA,"Cambridge, MA",true,Cambridge city,2511000,Middlesex County,Cambridge city,Match,Non_Exact,A,"302 WESTERN AVE, CAMBRIDGE, MA, 02139",42.364518126675,-71.112809787533,250173594001005,same_name,zip_missing,,,
A0486,2280 MISSION ST,San Francisco,CA,,resolved,CA,"San Francisco, CA",true,San Francisco city,0667000,San Francisco County,Mission-Bernal CCD,Match,Exact,A,"2280 MISSION ST, SAN FRANCISCO, CA, 94110",37.760560895514,-122.419309809634,060750208022002,same_name,zip_missing,,,
A0487,2118 FILLMORE ST,San Francisco,CA,,resolved,CA,"San Francisco, CA",true,San Francisco city,0667000,San Francisco County,Richmond-Presidio-Marina CCD,Match,Exact,A,"2118 FILLMORE ST, SAN FRANCISCO, CA, 94115",37.789124926129,-122.433810595937,060750135003003,same_name,zip_missing,,,
A0488,197 BEACON ST,Boston,MA,02116,resolved,MA,"Boston, MA",true,Boston city,2507000,Suffolk County,Boston city,Match,Exact,A,"197 BEACON ST, BOSTON, MA, 02116",42.354230756113,-71.076768182377,250250108012003,same_name,,,,
A0489,204 GRAND ST,Hoboken,NJ,06901,resolved,NJ,"Hoboken, NJ",true,Hoboken city,3432250,Hudson County,Hoboken city,Match,Non_Exact,A,"204 GRAND ST, HOBOKEN, NJ, 07030",40.739786868515,-74.036041272823,340170191001002,same_name,zip_outside_state,,source ZIP 06901 is outside NJ's USPS range (starter-pack audit),
A0490,526 ADAMS ST,Hoboken,NJ,07030,resolved,NJ,"Hoboken, NJ",true,Hoboken city,3432250,Hudson County,Hoboken city,Match,Exact,A,"526 ADAMS ST, HOBOKEN, NJ, 07030",40.743676400471,-74.035830171347,340170189001004,same_name,,,,
A0491,37 IRVING ST,Newark,NJ,07104,resolved,NJ,"Newark, NJ",true,Newark city,3451000,Essex County,Newark city,Match,Exact,A,"37 IRVING ST, NEWARK, NJ, 07104",40.778727063623,-74.158667478138,340130096002006,same_name,,,,
A0492,800 S HARVARD BLVD,Los Angeles,CA,90005,resolved,CA,"Los Angeles, CA",true,Los Angeles city,0644000,Los Angeles County,Los Angeles CCD,Match,Exact,A,"800 S HARVARD BLVD, LOS ANGELES, CA, 90005",34.057623861111,-118.304091662787,060372124201003,same_name,,,,
A0493,4450 GEARY BL,San Francisco,CA,,resolved,CA,"San Francisco, CA",true,San Francisco city,0667000,San Francisco County,Richmond-Presidio-Marina CCD,Match,Exact,A,"4450 GEARY BLVD, SAN FRANCISCO, CA, 94118",37.781029854011,-122.466976349979,060750402002000,same_name,zip_missing,,"Census reports Exact, but the comparison found: street_name_differs (GEARY BL -> GEARY)",
A0494,2641 FRANKLIN ST,San Francisco,CA,,resolved,CA,"San Francisco, CA",true,San Francisco city,0667000,San Francisco County,Richmond-Presidio-Marina CCD,Match,Exact,A,"2641 FRANKLIN ST, SAN FRANCISCO, CA, 94123",37.798725772954,-122.425776460433,060750130011002,same_name,zip_missing,,,
A0495,230 VAN HORNE ST.,Jersey City,NJ,11219,resolved,NJ,"Jersey City, NJ",true,Jersey City city,3436000,Hudson County,Jersey City city,Match,Non_Exact,A,"230 VAN HORNE ST, JERSEY CITY, NJ, 07304",40.713022199008,-74.063078920845,340170046001001,same_name,zip_outside_state,,source ZIP 11219 is outside NJ's USPS range (starter-pack audit),
A0496,512 32ND ST,San Diego,CA,92102,resolved,CA,"San Diego, CA",true,San Diego city,0666000,San Diego County,San Diego CCD,Match,Exact,A,"512 32ND ST, SAN DIEGO, CA, 92102",32.710782090084,-117.125336741291,060730040003000,same_name,,,,
A0497,3750 29TH ST,San Diego,CA,92104,resolved,CA,"San Diego, CA",true,San Diego city,0666000,San Diego County,San Diego CCD,Match,Exact,A,"3750 29TH ST, SAN DIEGO, CA, 92104",32.74637529596,-117.131053086987,060730014001006,same_name,,,,
A0498,684-686 SUMMER AVE,Newark,NJ,07644,resolved,NJ,"Newark, NJ",true,Newark city,3451000,Essex County,Newark city,Match,Non_Exact,A,"686 SUMMER AVE, NEWARK, NJ, 07104",40.775387981092,-74.163386701052,340130095004000,same_name,,,,
A0499,8519 WILLIS AVE,Los Angeles,CA,91402,resolved,CA,"Los Angeles, CA",true,Los Angeles city,0644000,Los Angeles County,San Fernando Valley CCD,Match,Non_Exact,A,"8519 WILLIS AVE, PANORAMA CITY, CA, 91402",34.225076986186,-118.455356959313,060371201072000,same_name,,,,
A0500,8811 BURNET AVE,Los Angeles,CA,91343,resolved,CA,"Los Angeles, CA",true,Los Angeles city,0644000,Los Angeles County,San Fernando Valley CCD,Match,Non_Exact,A,"8811 BURNET AVE, NORTH HILLS, CA, 91343",34.230253637086,-118.463342888059,060371175202000,same_name,,,,
